track_id,mood_label
4ic8aYKKjKKlfGlKdZePEX,calm
2fuYa3Lx06QQJAm0MjztKr,calm
3z06k8YF9CqX0CGFrlekOK,calm
50ZopGo1OkwkEAVPDjqGtl,calm
0WKmVAD4VWk5EdTyCFILi4,calm
6uWZWm1RpLvMhNhK16wErn,calm
7tbTBwYTJLvC3XHosIa3i8,calm
6WkJ2OK163XXS2oARUC9JM,calm
7FlJxECjzaJA1LLRb4fLBN,calm
4HlAAuVW3pWGCqEqNmJNiu,calm
0LdAjjWDUtN10jAQYmbN9T,calm
0zAHNEIq9KkXLh3dIJ8pgy,calm
4O8w7yzcag5L6oP41DGTiV,calm
0mPnHsgHQ8dtoQsyhNWgV7,calm
3kQ8phZBhMYWO447GY9iNn,calm
1kDqGWSeR27gWaMouyXD0C,calm
02DImulEpt8yADk2pzXxGa,calm
3QaPy1KgI7nu9FJEQUgn6h,calm
0rzzZqPOTXj73QnoT3sbEm,calm
4ZtFanR9U6ndgddUvNcjcG,calm
0Ctjf2OybepUj3LHeP4tlL,calm
4gYOPsRynx7hXQm5q47o04,calm
004OALRX2awRyaM5vuTpNn,calm
70UdAQ8m8hxHud3PSlhOP0,calm
0IhFxnD0M9iylvNVRxJWWX,calm
0guEEwVJivzFpiSYyVDgVL,calm
08jI4qmS0BZrfOZil1r7fv,calm
7nOBLnd4hE7xoHS2aZRy7g,calm
0BSiRoqwp7dWbwbchpURbs,calm
7L5eiPbWEAnwuqVoa4q2RW,calm
5W22FzMrqeY2Sb0MWUbOSt,calm
10fLurTTrrjHiLPky5RcEq,calm
30JDj5f2NPomuGZiUpn0jx,calm
3162krnnO9TscaUYj06je0,calm
2efvM9TzUBHxz3HzUIzADw,calm
4b5yJQzj42GJH7iNRRh6Km,calm
0Q2YGyMeeZMAvzebtxoQ5f,calm
2262bWmqomIaJXwCRHr13j,calm
5VbwM8nvvQLXcwsZUwgm9K,calm
09IStsImFySgyp0pIQdqAc,calm
2HR3Ruy4hCYn5wBIublqXh,calm
4VlsEK28hTYXcmpSEGWOrs,calm
0R3TWpoxAhT3HDXM7tpRzS,calm
39QvuWaRVyyLT9yQKn8Qy0,calm
3s4U7OHV7gnj42VV72eSZ6,calm
6VfNPL93TsZpmwpe2BJxNc,calm
4cPzEkIFTPDlawPGJMNxBd,calm
6MM22AtXB7I5gfTErMF0mJ,calm
7y3Px0XR9VqvmoVOMqpsXc,calm
07JBrAV58SSVJI1mTslabw,calm
2L6ZQAJghMwMRES9pwuS0i,calm
1IRLKTZdEgxAKJkQ7StpWn,calm
2hK8pizDjMXxi7E06LD9T9,calm
5ULBHrYz3Thdz9BiPoT6hI,calm
3pSRvY0NCBNPHm5jg9svCv,calm
6yn4ptUezqQKJhkpftF2tq,calm
3xgT3xIlFGqZjYW9QlhJWp,calm
05eZlxyjbkHMPCnunUasCS,calm
6BgaaxadJ1jr5GEYDiUSbx,calm
16DSicQZxkG1LL9romPzi9,calm
1ZTbdRejDiHv8hTB6zD2ff,calm
269nnG2YimrI7lTQDLPNWU,calm
1GDU7lUnKIt4SMsonbgzaB,calm
4Np9vY6t30UFUPTLlUp9gc,calm
1iO5DEcy72jl1ksvD8xaaN,calm
4mnjwMLCk3JZkhkok3u5g1,calm
66UVUCBg1weSzPWKvAPo1j,calm
6JPAS8WnqoN0M480kZQTbH,calm
6Xj014IHwbLVjiVT6H89on,calm
2nGFzvICaeEWjIrBrL2RAx,calm
5hXQs72e3ecJSA3mApvLhH,calm
6fGapufucZHPva1kvCqceA,calm
3WegyoL9EGqIdkFZw6yl2l,calm
4QQtskS2oisPgmKJUh1a8b,calm
1XkUE1LI5GFuLmrW5ddnUI,calm
4IrHYzGCC5tPMVDzbjaCVj,calm
2E79cZO1DUlEJy62ovFzli,calm
6HvAOHPD4cqU3v312Qi5LM,calm
2WQ09wqQBIOor7Q0VpIDBK,calm
6zFMeegAMYQo0mt8rXtrli,calm
4O7CDRh4en5I7xIOTi3fds,calm
2e7axYqPM8e4EaglJ8kRwb,calm
52bpVNHk04MkkYsLgfb6HH,calm
6kozwtcerOc24E0NILTJAS,calm
27RDOadWztzQ1bcQcm2sFc,calm
69KUKhBqyGvtO1jtJwZEcv,calm
6sV8FM5KT6sEclsDnFASMM,calm
2yWlGEgEfPot0lv3OAjuG3,calm
2l2yjkp4HlOcxi2zryoz3m,calm
4kYYnci2MXrz75weQ5JtSm,calm
572AHrcpPIIrPaxqnuO9pw,calm
5w07jLzW6Vcyf9pHV02wbw,calm
1NYXrU1mlnnoV6k2p1xBl8,calm
5NF47u7VPYlk4y66rY0qQw,calm
5VbMeuIwZqSSFifG9Cb81p,calm
3YyFdEVJwN1XdghuWeer3e,calm
4bhs9w12BgVr1CJCgCZP71,calm
610NBTZVH4OsT2MtFCtswH,calm
55XrFge2dEZwYzNl128DwN,calm
0HJ0lXD8xizsn5psII6ymv,calm
0tqXERU9u90HRPpV21OiNS,calm
2Le8hlpy4Hl4nhzZMD5gIP,calm
2iqsWOyAgyR7oELyZYEgz9,calm
4LTFjd0BVtfFjeMdKd8dkD,calm
7CqwSc8pkMFjuU4OsySIR1,calm
0xPCte1FjzfidqHJJXfHKK,calm
7if6yMj0BmpbnRjylMK3k3,calm
5zcZWauQFIqz90488s06Xn,calm
3yaST8zcuguZGLcm0a6HDb,calm
0lA6LixWSioQRmZSi4nv4a,calm
0RctQBEwG9G648kgT27T1j,calm
7DpUoxGSdlDHfqCYj0otzU,calm
0qhbUh39FaOuGOwneqOwL9,calm
6H5zEmFpP81UvJAUYUUgyy,calm
1Plbo4AR7OgjcxMAhogaSY,calm
1pLdbcmX4qaX3Is0mpNs0Y,calm
5K3SJuYEkvvrLbzOjPyRi1,calm
1FjPZOb0snnnNsa86zjapT,calm
65t4wL3AdQmnJ0EWJ24tv7,calm
3UA84tZjb10TLaim6B0uhM,calm
1bd4heB3yXc5iFTPoOMPuo,calm
2T3jgoAMbBXiMMD8pSc6QL,calm
6vJHx4LKcNsu0Vsg1FjbWb,calm
30vtDRzHZTr6RycuDwmCYb,calm
3tMTq8UhGr4tQpRHLaawHh,calm
5LIUGnDp9rSjv4ppnMm0gA,calm
3TWHd23YOrfxx3yDYCE1WC,calm
6VFRzmYQOoU7UhMIuFB1AJ,calm
4QNpBfC0zvjKqPJcyqBy9W,calm
1zozwLhzmrl7LCoTgOifzQ,calm
7x64fIPdLotRezkMZpIk4U,calm
0lI2P9LXHly1ZszJYc7dsf,calm
29VdNzgJIxzlIDkIYjFQqS,calm
0hFmc667uIOcJjBvfl1VCA,calm
2csYJB6VlkqA8B5qFvnsHh,calm
4yydQqjvqfJwppAlG9FxZz,calm
3kjBAHG3mTjBxZt8NepoZC,calm
5wvZiMRliA2GfgpONtMmOV,calm
5uwUgGB3MdhjyAOQoHw7V2,calm
5G6fY8QYk5azqSRGI9FMpa,calm
5tsfu1rSs1moOwmEXQnY42,calm
0GO8y8jQk1PkHzS31d699N,calm
5nxQoXtonsIQ154ofTIlLq,calm
3tOVIWVSv9dba2Fc4ZY96B,calm
6j5JPE6GDIfGgZeboj5gdh,calm
4EDijkJdHBZZ0GwJ12iTAj,calm
6YefYsXVz8OWWGh2OhlGa7,calm
5J37fwJAsmkFHDwqVPgpME,calm
6jJoAIcn6YGjJtopFy9pxi,calm
0ri0Han4IRJhzvERHOZTMr,calm
6ZYKMhN0hRXzc248tPh7Oq,calm
4mM1CFAKlGCgp4RQ2YtUaF,calm
62mFjcWGkt2OY9LT9EvxS2,calm
0wi4oUONMaIwITz7qtukow,calm
2nLtzopw4rPReszdYBJU6h,calm
1lau6K2YSP5APtkzNJxVyB,calm
5qjaV4GSg19AyanqerDzAh,calm
26EqQfOV8qnpOG7x3TS89m,calm
5zNW5ARjYhJQJz1AChP33n,calm
7rbECVPkY5UODxoOUVKZnA,calm
2uvhnyOva91fFtQD4oXmhs,calm
7dDrR6vMK1JAwZZ5MIWgme,calm
5IObx9f9zVxTGfzyRQWYSe,calm
2LYzO6cS6mKGvGPiVEaAeK,calm
27ZZdyTSQWI7Cug2d2PkqV,calm
0LwVLZpxpllOEX5iOTLJsL,calm
5RBOcBpJXaNnHCGViJmYhh,calm
1VpKOZ6nnap41hh5CbY8gJ,calm
1cdOqXxV1w1HQdlsQr1us4,calm
2rrq3SGYxk90xLx5fMmPhZ,calm
0fWU4y8TxdWqdApHLdZJdz,calm
0Sk2okE8X4vp0BPSnSg0yL,calm
7ww4La53K0v1Unf1zEh2h5,calm
1Z751eJbWWLUzgp9hpmELA,calm
2y9OOHdqd3pdfWzC97bZGW,calm
1Wd914KDcR5PnX10OFjzGx,calm
1CBZo2mVGLyk1QLp6ZDXEB,calm
3eOyNxCZO4q8UXexph1j8X,calm
2HNiSFZDf0qf4g4xqkgYPN,calm
7kDaPKkSTB7bwE9WOucuVx,calm
4RZEyi8DpKz4b4W3pixk0m,calm
3GYlQmwfBDo7imFyGPhrl7,calm
58wyJLv6yH1La9NIZPl3ne,calm
6j4mDM1LbxbTpiLC7FBCDd,calm
4PE1rTwQpEysQq54cBc8yi,calm
364dI1bYnvamSnBJ8JcNzN,calm
5UWN7toyKqD0H4n5uXgur1,calm
4SDccIA3pVkjaZsivDPaV5,calm
10Xyq2RaTTnAfAVIWEdaGb,calm
0n360bAqgRXc9ytwreseH4,calm
4Z0s6p1P9OFf77IvAzAKVm,calm
3TIT1Bl4YolO2H1DDDoxRy,calm
60wwxj6Dd9NJlirf84wr2c,calm
4CFg0ZVMfEyBE46WsnbvCw,calm
3taCbWWTilb7eNMsAzOBq4,calm
18ddJHQ7CUzNBiy55L0Xjj,calm
13P5rwmk2EsoFRIz9UCeh9,calm
6zGNzgpDAotHNEYk7D5PEs,calm
02BcXEH1zJYbXSabPtNlKf,calm
69HzZ3ti9DLwb0GdWCGYSo,calm
3RRsSH5dkii2gL6Kmur129,calm
44ZJ4hLD5onikKsVLQaILr,calm
7zPfFxH8WxUUffU8rqB4kU,calm
0Nfh4u0J4bajcyp5pzaWCx,calm
72W7us6wur8vnCj7NpjaQE,calm
7Mlsdh1XfN6aB6ZBANzedf,calm
1LYBoGUSay1orFUnhsymhb,calm
4rDCSX7q1wf6Yl1HzmMF24,calm
5GwRJ9YGz8vLZpKjELj2c2,calm
6fbVANV46otBOoHvbeARYM,calm
6oGX4FjHakC4BTq89lCLiP,calm
78Sw5GDo6AlGwTwanjXbGh,calm
0qji6wNTcdEJjbNPmDq5U8,calm
6ppefZt5uQ62aHAfSa1Jx9,calm
0uk3W9Y15pFlwHC5xbYLcZ,calm
51pqWDlPJAsbQaGOhc09Ee,calm
5GkQIP5mWPi4KZLLXeuFTT,calm
60a0Rd6pjrkxjPbaKzXjfq,calm
1vF3nVLqUIMuT5UqcHkcM4,calm
1Cml3fnCNLZUC1EEtkcgVb,calm
1UrwJzlNC2oaTlxj1OZmcu,calm
3kGNTKjwVaoWwDTfFZEYWu,calm
5eTaQYBE1yrActixMAeLcZ,calm
7dnixpDdQlIOX1L7O0pdFM,calm
0cbO20ZF2lFflZGnNUHhGB,calm
7opZir0BQIxrkAuh5UjEOT,calm
3HrQRKF1imFrKX56tiirEW,calm
2TvuN0htZ0pjoT4UNU9zgh,calm
166zvQWGPSL10VTPU503v7,calm
39shmbIHICJ2Wxnk1fPSdz,calm
3iMAodts73kl8iV1LDinnK,calm
06nXt6ESO6FzbvD5QQ1Eqj,calm
2zf9YQTeRrXB0wWhjsLYet,calm
0thPTbm7rNnQ4ryv4jO8NX,calm
2NUZNRnhiKOYOLNZVcVGg4,calm
64E5ygFT5gEytQfGVeQMRm,calm
3z017xyjPKW4o2WoDgswge,calm
4MnjwRhIgSCaWgabEpyQJp,calm
1FJ9SBHgfX1hXWMP9qwFEm,calm
09vbOEzQ8FJHugWkqqNJ0G,calm
3XCpS4k8WqNnCpcDOSRRuz,calm
1wH6rcodaPFu63VQh11DFi,calm
6G7rgYtkZyixcRWs7HiByE,calm
7zFdrX1rxYF8hpfgj5j34y,calm
5lqWUs5Qx4hp8KoSoGPuGV,calm
48rEcpHgn5nYTfXCfpF0qs,calm
7aGyRfJWtLqgJaZoG9lJhE,calm
2WfaOiMkCvy7F5fcp2zZ8L,calm
4w549cYBbcTvri0wsbQaQx,calm
0BLEeFzT2xFR1c7mLYPMcy,calm
4FeFqt1u6SL44yzDOWVPeP,calm
0YUrjFy4qFKOO5NhM9tYdV,calm
2At51gjWcbPSG5zSqXwIMp,calm
6mx62Wwdi4TW5FmjAaoBT6,calm
7szJfhzlrGh2hkNwEPDWpn,calm
6EIMUjQ7Q8Zr2VtIUik4He,calm
51JesdqcguCgBR4MLR4QsA,calm
6xbKjkdyxJWBFgbWKdOuHG,calm
5rgmUNzSHdRnNLBSHE0KcQ,calm
6ccagdpOre99y3qdooLJZO,calm
23W44WWCP8SibyP292TWo5,calm
4plzR0SrCRKyu7kuLt1nyr,calm
2wGb6lWXbb5HyfzeHJQnLI,calm
1giC2yd3XwYJI8qnzEHrgB,calm
5Vwkt7zvEcj5riL46ZbM5K,calm
5D34wRmbFS29AjtTOP2QJe,calm
3SHLX5ePGvPKcWKM05Thga,calm
4tAmSVGepUkektLE1AYwUo,calm
1jSUJRDOX8DZkT8mOKQMC9,calm
6tMdpUXfT70TD6Eh3XfB1p,calm
3AJwUDP919kvQ9QcozQPxg,calm
2hHLbkatPwOOmrNxTiD41L,calm
5PjdC2gMATetx5xdnwGUu7,calm
2t84MVcgG8xDeBMLrEhmZc,calm
7j0wbrtB8c69O3uE55c5Pq,calm
791M8bjAnj8SsAhMQyKZox,calm
1uPLrGFdfHtTPvqsDpdVsL,calm
23MztR87ctjZ5e7nkvTTHc,calm
2NXZPl4TS2FoZAGrFFYsWy,calm
7nnPmj9M0eGd5HGX6Haa59,calm
73EPRdVLcHmItzvLXmxUUu,calm
6r9RQSBenxLEEwDW7X1fng,calm
4n7pu5noB9CqKWa2WVsCW4,calm
4dRb7kdtBVBFzSiCqsY7wP,calm
35Mo4RTffXzeiOSpGzoig6,calm
25GN9znTMTNMTRKpTXnGET,calm
732AeYEiilADr0WSHFV9of,calm
20I6sIOMTCkB6w7ryavxtO,calm
7B3z0ySL9Rr0XvZEAjWZzM,calm
6BfN2z3FfrqT8poo78l5hY,calm
3Ahb23OPrJqRIFVHaPuNWF,calm
3TjliM0xQ3fkza0RpINRrq,calm
1au2UduxcvHfa0fZS3Szci,calm
5WbfFTuIldjL9x7W6y5l7R,calm
1FwHOpCBBfvgLNvYp1qXWD,calm
4Q0GCRnOevSi6wmtrUM8Zr,calm
1hMD74MKT5NEYK0b2f4UZO,calm
7sm4EAnIE2fOlrEh0ZoJZq,calm
6oNyHNB6ZUQJ7RIhx6OkPQ,calm
6jjOFnO2cWfKzWeXnlAWjF,calm
3DmW6y7wTEYHJZlLo1r6XJ,calm
0UuiUkEJD1TnhIjgiNUPh0,calm
1O8FDFS5NYGvGXRHh3NuSH,calm
2etHQJxIbV0soyPhelVs9Y,calm
6Vau1wjb3t8sIu0i9gASuT,calm
7KNmIjcmGJIBrhP2s5Vioe,calm
72f0tjKm81cVwDx9QR3C48,calm
52nD3mkeUgVMiyA8yE2lfq,calm
5vPawTHZbr4hgWZteB8rp1,calm
6SWeBcxvICp6ZRk6P9xGwG,calm
3PfIrDoz19wz7qK7tYeu62,calm
4V5siYO9zHpLX5qf2F0qBV,calm
6vH8ZAF2XwXuDdoaLRu3uF,calm
01aNqddaggrPJYUIdRApRD,calm
5GLilt1jRW3niU4AEn7ARa,calm
6dWgWMOv2Ot8B1g3jQOsQu,calm
4QnCEVukDeapW9UpJs76vu,calm
2xdVhhcaljRGvDEcVRHLQ1,calm
3slTY4e39dWTcQJdB1eZ3u,calm
1ve8vEfkFHKdGztV1HOBTF,calm
41UuruzhR2WLb917UbbcqS,calm
60AM1bvIDs29FX66Us2QL1,calm
6UvYgJivLQQqiVkkyu0blq,calm
4LszUCT6WJY5OuRFWbDkl8,calm
79DnWYHQLJ9XWRrYCIfACU,calm
04a44cx2PJthIbN2aLMXhl,calm
78oIDxTChs1EJrQwUc931r,calm
49QEJdbU9mf4VUXReOpZ9u,calm
0BxE4FqsDD1Ot4YuBXwAPp,calm
0lJUURuoXjHIO9Lz6Xs85n,calm
3BZEcbdtXQSo7OrvKRJ6mb,calm
5BDo6TzD8q0oNtqhhXU3nx,calm
5GorCbAP4aL0EJ16frG2hd,calm
7rdnC8wMNLYQ45lBxGMgpT,calm
0OBOGXQCc8PLUjSwJfgGxd,calm
36z1bDlG4gR4vSqupllcvW,calm
5emOdyBZqKrL06yqZsQKFZ,calm
2O1pJJP7uOjvSNgDFipVxk,calm
6nbhsQvuur92jIm8MNy7OS,calm
0OJLsyyMp2sRh4HAuEnkKy,calm
3QWGTcIw4NgCOqIrJr23TB,calm
0Cnb8XdGDMHAmIRBUJMkIS,calm
3JWzwvBe0kZ2pD2ldDD5Sh,calm
1plATFLdJBkx5IlJiwLY71,calm
4jECTINpjnlykfw3yoPLLl,calm
6Nc2oLFbBE3YMXACfV0559,calm
5IgjP7X4th6nMNDh4akUHb,calm
2dHWzEAE4QsNDaxCYG5Wnp,calm
2ckHXZr9sXXcpKoHMeLpiV,calm
4RgL8M0RfveF8gj75oL830,calm
1oPbHIuxlbFdzz66bwtZoO,calm
6vDVu9IM9s8L8XMQ1c1Yti,calm
3Rgzc7gxYpsVZC6jIqLe8E,calm
4aga1qj6yApIf2PZOIhQwY,calm
0ZAyyi4k9Zf0tdVwux7zaP,calm
5OOSqqoKCL4s7WIFNbSZPD,calm
6QnT0AisXExeHV6a1udtp8,calm
02shCNmb6IvgB5jLqKjtkK,calm
2C1sKBGeeGnUG43DLevxpM,calm
19RybK6XDbAVpcdxSbZL1o,calm
5lAnYvAIkSDNXqfo7DyFUm,calm
0OTiQc1Wi0O4hgAeEzj0Mx,calm
5SDcksP8En1l6RtTY1wzHc,calm
6GZVFBsEiWVxWS98yU35F6,calm
7CyPwkp0oE8Ro9Dd5CUDjW,calm
68lWRkxM2jqiuH6qx7Cv9R,calm
37adYGaYaAWTGhBaOzX4Fh,calm
1YeABlB47w6yzXX8jJKUaW,calm
1HtxGCsjuaokdASW95dBN3,calm
0OnpNyDCOGE2gmjYZwIW5y,calm
2PedGWus3MJOEtuvwZ1WEW,calm
6BA4N3o6ZdIWWQk0HEgQ1b,calm
0sTlGEld0h8kIPZaKDYUf4,calm
7n6mbAW4L5X6528iuau11O,calm
3mL3jFNJ2irVn02EdkYBu2,calm
5W5P0YhcSg8B22oLCCvuyh,calm
53UVVZuXOzUj4tb3e63JyB,calm
1hJIbOjWpid6LtnozHmzRS,calm
1lXq4NzI3pPQcC8mXz7JrS,calm
0whvfTFKiXhvEyoBI7XWOS,calm
1cPQWEHFz7DxdPpqiyLZfe,calm
1L0C3xvOtzHSOSZ5T59n0L,calm
6lATKXWmkGvxj2l7J5HZ57,calm
6kbGOsB7JJzhSDJ6eBxv8y,calm
4NauSipYtsBtz9WrA9uNJ5,calm
44HCvFedcxZVN3Op16vUd9,calm
1rNI1lRW74f7q99H29DmGA,calm
06KyNuuMOX1ROXRhj787tj,calm
6hE7dhp02YL2dUAZ9Q9HgR,calm
2pRamqRFYJqn73Cc7dSqMR,calm
0pvgbTB2y9DNDDXb9T7FJW,calm
3G6hD9B2ZHOsgf4WfNu7X1,calm
4UzDTGoRX8RZdIav7kfPte,calm
7DSAEUvxU8FajXtRloy8M0,calm
3TXwG0L0HH3pGagINKD0Pv,calm
1XWXGk8dR1RBQY7zcD7jjl,calm
1f1ErCkchtAETVJhLA2A3y,calm
4GCcbvRPv8wNfstxzV8PcY,calm
2sFUQUX2OmWdyUrDEpz2OF,calm
6zblylQKP1ilAOUnPL2iVL,calm
2pFL6kVGR4PIuPlL2AuAWk,calm
5k1fG27wnhPRbyOuR9wvdO,calm
36pSJ5xbZ6pzgRO0fZ4SdA,calm
7GqKsFVvsP3SVNQmrmGZSG,calm
3GYlZ7tbxLOxe6ewMNVTkw,calm
1ZvbLYAXwvMfaPtN65QF2D,calm
1lwCqBqzMEyYxWew1PDktS,calm
4pxLzPMloaZ2KZFLFo9EB0,calm
0S5yF7kWMyym9ngTPuFz9B,calm
0jeMKIHXINpsn6b7Ym9A9h,calm
4n8GngNTmf7BQe1n25dcME,calm
54SpjxPioot7g7hVfbrXHh,calm
2EGgATvNNTuxSk5rsVKUp0,calm
7e2KiZmP4SqDYYri51OjZi,calm
08Q1uqGiPnfz48rUu2kyYe,calm
7apywiCuMzvSZIa0SKeH99,calm
27JXVe80vFun97upipztKX,calm
55qFbhHwzuuCWnKN16R42D,calm
21jGcNKet2qwijlDFuPiPb,calm
0X2bh8NVQ8svDQIn2AdCbW,calm
7fKqzZlS2em2fwDkKvSJZA,calm
37vVp2sWHuuIBOSl1NswP6,calm
7BNjRziXqScvnvDnnXktcL,calm
1JgknGBbrfmEHeOZH051SS,calm
20FobaZZPT9qN2m8zS7LEg,calm
3OGOwjwdae1OulCD4DK1ic,calm
6SZwj6cjc8JQbkrr8cbIUn,calm
0IOfjcggiY0HqYDyi4grvr,calm
6kTwzV93qpcovlRPmBOXmn,calm
1u5AsoSnGfV3zvGBg6Awmk,calm
3IQHlr0ZkezLzqIcEKLV48,calm
5r14CcAaiP70E86qaQIlOA,calm
7iw21M1HaM493vtoXZAedn,calm
4LuWZssc2LnXyFtbxkrMW9,calm
6TURPlJoVlJBtTwFZo0RUr,calm
1v1oIWf2Xgh54kIWuKsDf6,calm
0BtmAvlv8mc6lR9ZzxrOFD,calm
0VXQCYGzIzZRil4OvCueD4,calm
6FR410XjipcpHIsmv1bYKA,calm
65z8vGudBJ3kBlt1Ys5wi9,calm
59e0Z5mNGSvMa0gnMaQg98,calm
2wQ411UQL2MRsdAgPRUstT,calm
2YWQGk9zzkAkGXmjP027db,calm
4kbqnF4bDNCaTBG0iHoysj,calm
2KICDTj8KkODjuit7v4AK6,calm
2BHj31ufdEqVK5CkYDp9mA,calm
0m5xMNMK48sQVjASd4YPPt,calm
1v2aQ5953RmLWAIxwpsHD7,calm
0azC730Exh71aQlOt9Zj3y,calm
0yNiaePZow0ycdrmLV0J7y,calm
7x1edGQElesmSfHpCUUnzm,calm
5zRiI3f5qhswyDt3L5cDKR,calm
2uvLpXs8bZAjee0l3KNnhx,calm
33Zs7sTtYkuexwAydsigpk,calm
1NVeTAHP0qfwnm2XoGSqI9,calm
1nYzjrdVQ8RpF93M0jPFW7,calm
72xjEGzvtjyioPKM7T4oiJ,calm
30EldS3xSf98r4S6BOf7ZP,calm
43OMUa5jouGCZEz9k9vooo,calm
2o9fQ6j2xJwJN9jMZPDjQz,calm
76NE6oCcYgEQJsFqxOKY5y,calm
04sN26COy28wTXYj3dMoiZ,calm
15kz7aLtnfS002dy2N7FLq,calm
2ZQheFu5kWWUL8glBWsmAe,calm
3J9AdY0KkB0nIwpRr2H1CF,calm
1ItdTDx23yt7tIJOZv5iLQ,calm
2Z8yfpFX0ZMavHkcIeHiO1,calm
4Ix1tLTlUuKpRFivN7CS8Q,calm
3AHnZX3EWWjPyKd3RS5fUB,calm
41NyxBDJ6JPyDY4dW761MD,calm
1zi7xx7UVEFkmKfv06H8x0,calm
4LXCR925DQ7ciBFs48KUQb,calm
4wxnDsjLQDfgfSS40bH5rc,calm
6LOZws7T3jqZz78unPgFF9,calm
1v6QpNfnrbVmJqPGZ1TsaV,calm
3Dv1eDb0MEgF93GpLXlucZ,calm
5bCIZEh1zBUnVQO8TqoqSc,calm
13jRSCLoWbCoU1XEdJRbgn,calm
3gJGDO0y8UO8j2cg22003p,calm
1zplBOaZRIIl5aw2fa3tkX,calm
7AgMX97ljLm9BzszyyXEYZ,calm
2mWOjn5ZzcsGjKbuzURiUd,calm
4NexTaCZZ7Ehnf03A6SVjt,calm
4Sk74gcXTe9dnE1HU5Pn1y,calm
5Zo98Wsbm7Y4MjSyuv9n9e,calm
724grqIdD2km8i31H4nbJl,calm
6ch31BcrCOjg1YslPTRAiN,calm
2LRtbGkPrRqX8PsQCWObaQ,calm
6D9pncRlZZoq4oc1tzAC1y,calm
1ni8ZTAY1GHXEFOGHl7fdg,calm
5Zxu4AtUDDY6LpXjqGsAh3,calm
1aSdEi7wHbnszTJjzyqb3C,calm
2QjOHCTQ1Jl3zawyYOpxh6,calm
3EaJDYHA0KnX88JvDhL9oa,calm
1ddKUwm3UuvcMWLLAgOIcX,calm
69YhwaZE5OTsijIt3Gp6P2,calm
3Z0oQ8r78OUaHvGPiDBR3W,calm
2K9crS3kXfXZBzn4lxTywT,calm
0i55G9XxEPCxYwzozhQun5,calm
1UcyzhmBDfdw07DiuT7DEG,calm
355JE0N9AKvcWlJdeqGOdI,energetic
4fopYAZYoyzi7h1TLIMdqW,energetic
4sAOvUxbMkXG4C0qnnCIgp,energetic
5tDbyeaCvxjNCBcupQucGo,energetic
4Nh0KsVA6z8cSEjxso4e3B,energetic
0gRTB9tzMi1h8aEpH3ykcC,energetic
2cwRBOOfsfigQRDNneSxD5,energetic
1EHExcB5AE99xLt7HHhQAX,energetic
5EYexq5RIF3gVF8okmPWZu,energetic
5ouETFDqJv0SQMzwKlQLlP,energetic
2uhrO8FiIm8NdLJDIE0mMQ,energetic
4wmf8o0FMMfKaRJezHou9R,energetic
7jST91TvUrDndKdZkO60D4,energetic
58bR7GYzXIz7jol9cby6AS,energetic
45JxylFwaThjLsRBuzcfoL,energetic
0l7NbeEsw6IMSmjZmlC4Xg,energetic
4x0GsIPniJfuqrlW0oyjpM,energetic
5od47KtLzN3lPxRKyNwBQe,energetic
22WMZpDTOrEYJ2bhSaP0q6,energetic
78T1d6RsHPY6gcWlurCK5q,energetic
5d01AUplB1QOZY3kPrAuot,energetic
6IEYYlOWgPGgqevbmZV0W9,energetic
3a982fqQT7akoEiOp8O1G1,energetic
2eITMwB0fhcCw9fs5gjLrO,energetic
3g58wyJkM8eBPNHB6Lbcvk,energetic
2Sy2oGjP5RYB4cLVoDU0Gz,energetic
1uiCL6xpUfMynmdSH6KFtF,energetic
05WwGC0M5kemwWk7ba5pKt,energetic
6jcMsRsA4ffXAclSc6yBZu,energetic
4HuaG1yGXKs4T7i3RL0Iow,energetic
3ECwBjFMsS1Uk0z97FzKtk,energetic
3lHBG8eaGZ1ZRq8nzqxI0n,energetic
3CvIbxdih7XqVgtoRmYMAq,energetic
61KIgK9RuRpedyEUVHa8l0,energetic
2ORac2rVAhRrWJ6PawJCq0,energetic
0ekJkX0PRXZKAojBCfeChc,energetic
0Gf7d47ny4P4H6WWnLIloj,energetic
5TFFnb8tSMSEVjabiBlZZ5,energetic
7nzA6J5kAJrR41A5rsHcLp,energetic
4DIDWjAq4zcpgpI48XCCSi,energetic
5u4N5z07OUqFKZB8h6EsJj,energetic
1tm2RE6QTin1Z6pwCYM5aa,energetic
3wLPRjw2XQpmowqXUXb3UF,energetic
3dxFoEKVuV4ayOSRBHaM3s,energetic
5UZS4MsPlUYmdPTh7wQVSD,energetic
4nWnbdUOugIRv61O92g7Ki,energetic
42AEy6fM5r9LpDhMfg12KM,energetic
1g9V1QE7vbeAx5Xm04DfLi,energetic
12TqyZXPmkKmG7G3bl8y66,energetic
4NPVQkAy98MQNfFkVCI8On,energetic
3Yq5orBb97KAajDN52s92t,energetic
1I3mdmmJ4Ya2tXUOzn4ppL,energetic
5JDJzq0YxYxs7hhMzWArkB,energetic
2RA3fS4Mf14cbKmYESYcQR,energetic
1C4nVNBkmPoboGLHgaPenb,energetic
5PI8zfO5a3AdgGWdE9M8Me,energetic
5xOcFI0xwbubRISuyY8E55,energetic
65ByaWMyDnf2feRXp0jBni,energetic
1w8eOWqbf3VGlnhCQ7R2YQ,energetic
5n9k3tzilN56mYpVMuUZGu,energetic
6z2X7bEHiX21YpCfeDBwXl,energetic
62VKv8GzbonnW5AYayL9GA,energetic
2xLovJH5XMrxcbd8Y4WTfq,energetic
4Glgh51wHNomQkGylVdokx,energetic
4TEZ8NGvK78ihfJzHSJDSB,energetic
2Kt9LINxBIJJOIW4axGEqg,energetic
6k9l2DtrYuIlJ3E303eRrb,energetic
0NXeZp31dd0cJ9t8FdKsTg,energetic
59ZCSxAn30rCHjifmBzXDF,energetic
0gNzlcMTGJF1YRVO7rohoS,energetic
2lrDARUqAGHTkEDm4kFEgD,energetic
1vrIl7WypjjvRlG5F5hceM,energetic
3psJdhkFZR8El84RFxHC58,energetic
3qnRLQ0oitg7IpViUHNLG6,energetic
6Tdvg9uYtVp1QHEked07mj,energetic
6z01FicpQ7Uhvgs58Mnk6s,energetic
4FR9uvkmj8PLsFgEYAVOXd,energetic
3cNmoc8vvy0T0m65PLdNEU,energetic
3rI7cXiPtlGBmodSEIqQeo,energetic
5MLClvRrcLHuFcwdMCU5iI,energetic
3t46RCU3VzsdZ7AAc3wJD5,energetic
2yPqs9WFPBprbMS4ioW14M,energetic
4etuXr5xU1uVH7y2JDHIh1,energetic
19Pavnys3h8ftxAt4Ku8f0,energetic
26jkAkIbuCRltdWMUsYoSy,energetic
1WFkr1TlmOQEgrLndQI6sY,energetic
4fM7NhsxMfGzYCA8aaFhve,energetic
0pLRSKgPMIshe4HQbjg1ew,energetic
3WNWpiL09OHvaB7rBsSRsz,energetic
70mAceS5ArAqVj2OwDE4db,energetic
69AHqDMcDKyxKL1lNNCIve,energetic
1zXZVk7gihMzJbqUdnusYK,energetic
6xhlaFJ69ylW7yYslj77hS,energetic
4hNo0zkIcgpnVZ0qacenmL,energetic
36MGfjOTOwx1udRX5dDnoJ,energetic
12qlwqWhuf3ZL0y5LBwRYW,energetic
64MgjDp6ijaLvS3T83JHX9,energetic
3M3AKTjzuST5JepYA2Grap,energetic
1vxogitvlaOkl72zYDegOa,energetic
3aa41ffC0VYUjFiBaDFqNP,energetic
70iwZb35RckIibYsTdoh1S,energetic
4qfORrGsU7zr4h4egVk7ag,energetic
3qeMQFz1r2rYLa5bA309o5,energetic
6LkCti6kI6N4y5hDonhJtt,energetic
0aJRbbQgKMZg9HO7V7Vj6w,energetic
3UxjH53AszyqcyZnROMyU6,energetic
1ZTfEGhXgDWu0WOxCleDBv,energetic
2UQ2oUbHiB8wWYCE42JX0k,energetic
73URvOSdQzBV4cESUODiAX,energetic
05jyWRRWP7Jd9RpW0V7j0O,energetic
3Cu9lL7WoWKeC39viwgdcC,energetic
5Hjw83KgaBg0WGjG77ZOD7,energetic
3Xdm8jJuKGqy77JhwYb5eW,energetic
6UTayBYlFSXApkzw9Rymh5,energetic
4wqJ22gAr1Z7nII3vhkFSF,energetic
0XC1E7JdINwIbX94uT5YkU,energetic
55OzAlPICf7VqyKrzbXJnX,energetic
4EbH4ggweDHfynyBEZr9lL,energetic
0T8Fvdxd9fBIRYIH1c9cxa,energetic
1lOo4Tq6GuDj7D9UlktEIK,energetic
2t1gs3kVWtD4sjWwui1Sy0,energetic
7rd0YLqmuIhmizg2MkqOlk,energetic
3kSmaObYtsjFbusk0HBBuX,energetic
2Ax1Kvzx2z7wqQ83GizXuO,energetic
3RqnLJ9IEg99TTkvZQwIPC,energetic
3g6YrexmsOPlrGIKEEQimE,energetic
1yGhVo3Xg8PbhocdbQaaVB,energetic
7IsPIxGH1HPIHnuhzhH6pz,energetic
23GELOzcYfkES6nDrleaGA,energetic
2Y3kDyY70Q7mxQG7JPW5oD,energetic
3FFMx4SViEbioIXki4kEwu,energetic
3Yy4fEcZBk2VdQymrBQMBI,energetic
74F3XUdz6o8ncs48nzcTIm,energetic
4dx97z2sEfhkL4KjHddkkO,energetic
4YNbX3laAv2JPT2oY1bfeP,energetic
53dkS3h9uTNsWYZTPacnpx,energetic
101UqPE3ZzDeOV7gRorKeN,energetic
3zlxznUTJSUhbM3dhb6bnD,energetic
3hbheGpx87evQapVfULKo2,energetic
64xn7NaDIN9MADK7OzkBcs,energetic
2O3JCRH7IvUUbzbxEvoVAi,energetic
0aikJC4VdJof6W4WgDXZHP,energetic
4wYr2fOL22xwdTMB1wVTtZ,energetic
2P3gUrhPc3yiA3ASba8wiI,energetic
0fdtd5WQZQkGK9iq01oeju,energetic
3Kr2EZCxyKWMuQmH1e19at,energetic
6RuTagOdsgeGGrjNraqDe1,energetic
7tBfGvT74zlqZ8RHQkBSz0,energetic
2dAvDTxXzzesOY06aTTwE4,energetic
55tpVZA19qsiXZt2peiG0P,energetic
3DeHMgSQtUqxleRu3WrObf,energetic
30iQzZHaIhA6ZWtFaQXYNw,energetic
4rX20mPVuuEE7ogr5v67pc,energetic
5KioetXDSIcXrHPtqkrJFi,energetic
2E71Jn51AgidmfKy6B18nQ,energetic
02dJplG2ILHEwkYuD1nHU9,energetic
1QCP3BAhp0qFidDECVdcyJ,energetic
521uQti6WuFt9hzEGpSK8C,energetic
05L8OcjZyCtQH3bGejBsrP,energetic
4c9C4buRm8ZHNudoOJCb1d,energetic
6bfs5yDnHXprTvqdE2G3JJ,energetic
2VUWKlxNSoGsLQ6CC59V44,energetic
0MIDq6YMFFDpQYSc4xGbuH,energetic
1DuA2vnMvvfMYmY9mourzN,energetic
3J3wJVAIe0HmPWaD9vSsGQ,energetic
0nueHA6kbFyBcf11EPCPeU,energetic
44mGhplvTxr9Py9o2OPaav,energetic
18JkZlTWtrsrR6rT6LJygH,energetic
5GqIyp8uBudjAmnwGfCLKP,energetic
0E1QDuUA57JI37qc5JKl35,energetic
3xaECTspJuaiArUPU6w4zM,energetic
6rev5rmkyCEIuDVfalSCds,energetic
0cGz0cFFMmtbVF0rigSvoi,energetic
1H5KUf8GBuxxFEpipBebAr,energetic
6W9HqS7e9epE9A0hDd0egk,energetic
1RKSSo63jM1JVH6aZ8MU30,energetic
2IcJZp43y9zirBzbwsvgqo,energetic
2LzDhJgkVVKnfj8kYfe04T,energetic
0JDC4nxKQArLZP8BohDz6R,energetic
3RxKeOejCkJQrsHgAkz7BP,energetic
4Ddnrk61poZM6ZxVXUzleb,energetic
0EofsmvQOJzNGza9xIwu7u,energetic
5mQT9pbyVOUTd3bO8vwzoR,energetic
35g01vpEuKf85lhjHpY8XC,energetic
69nRpMSuBQBUsOgzn4Uuyg,energetic
7MAEUMgSBDTL2m2oStHjzX,energetic
09auP7osQGw9YwktGiNyEl,energetic
2kvOjDMlyZTltwnlc9VAUn,energetic
4g70HJi5VR0UttcM53mEA9,energetic
0twmtRTajPMdkHWTFCndV3,energetic
4Sr5GIxfpkOXonfkZQWNtQ,energetic
36DgcW78LnOzpXKbQrlDIt,energetic
0HK7PzNC6x841LR6uTvq5i,energetic
0QYLlwRpA7yTtG6YX1Xdnq,energetic
1QnGlJa9vb7HZ6CibqD26Z,energetic
73mlPtvRVRsqueHFga8IPG,energetic
6x52viV1a9rVp6CgNVYnRr,energetic
5XIVnow02xlkHwxETQ3Lnq,energetic
62gCpqw5TAW5F8sOpd1krF,energetic
2ymf0p7g3zMMFKrmyUxieq,energetic
6kzr2QVM3E2PvzM5oHh2N7,energetic
0oQylxKBMsvgrfdmZ0uK9L,energetic
13MF2TYuyfITClL1R2ei6e,energetic
21DcDZvuhAZcmUgGCAVKDK,energetic
2unklZVcmS9p1mCzIkMFuU,energetic
7EF6nIJ6YhYaeenPzoAO24,energetic
1fTpQrbtG0mWczLMGiBfkC,energetic
6Q15EFm87fnWjpFxhS9Luc,energetic
2HVhEpdwjpPmrsOmVdKasO,energetic
2Au9E9wwk7b7KmdBnoWp5Q,energetic
7HcM82GiytrUB4YrkQwY6Y,energetic
7qXsFCYArUIzjgfS0HSE8Z,energetic
7nAPyX9pWKEH0RpoqZA4J4,energetic
7yJbSBCiGGZF3QiVh14hy2,energetic
6ASkRRVqWOZxREtftzcd0t,energetic
4tBMbRwLJa5BjwJ6FrBlks,energetic
6gUeBzu1k8JUaeP8qHaYKC,energetic
38yrC7czwIjXPYScF8G5Ix,energetic
1TPtrVQKk4esZ44VGm89EW,energetic
7vygSPJNOHGUIF5zn2e5T5,energetic
1eILoYIrlkPNcKUulHLuEF,energetic
4Oa3HY7kBuFcLvvwJBj259,energetic
1c6Mb9j6DF8n0pw9dvFgT4,energetic
4D5QR4THuY4TDdGG6R8sIs,energetic
1BPdEBKkL9D3cZLGIbf1kg,energetic
6AWciNGajG3CBqes5hmivq,energetic
2OEJAX4oBX2DHe86KNFEqM,energetic
6cvwBSYZc1Kcb8UnOfIuaU,energetic
6KpqR2dk8ZmvdtIci8gbXn,energetic
2y0fg8bkIJ5tUUgGqSN3o0,energetic
6c9yHldOvzpc3AnjZLqa9j,energetic
4lfXTKmZ7fZC6LEPRRC9YL,energetic
6867ixQmefL3AAGJTyd9JE,energetic
498jZyN35oNhgfoHnGNMxW,energetic
6SWTXSLOkxrFqJc6WPM0bu,energetic
5hnIoQQDN1Wgnii89Z40HW,energetic
1hrc7Dm1NHuwq7bqUZx5AD,energetic
34DtDWmIUacoop6Md298vE,energetic
4ydaXRI7wU9b3T17da8Lch,energetic
3djvqQXmsAwNF1voS2ApAv,energetic
1N8D5tOj6pfi6Dud0oD71L,energetic
7jnSlMG2jKJmKvAWxufk2I,energetic
4hIClygfS2Nm1zTz9xvQ9g,energetic
03yFut3x24Ns54qc5O54HS,energetic
43W1ffEz2tLE6tONCCjOUO,energetic
42DZT2eoL7rJBw21f3sb0h,energetic
3LxjXkum8jirqKRHQOYf5R,energetic
47GqsNtoW7SOlGo5pdozVA,energetic
1geVMLemM1xHYSz303fcZe,energetic
5wepRkZDnVjjr6dpCIppve,energetic
3NuYMmUyuZtV61MNC8yKck,energetic
7e1w954sa3E0mgKMgA41fK,energetic
6HLcPXXv5LdxMgyJrYF6t6,energetic
0lrUxn5Y5wJOxmQUfUQJt1,energetic
5KOAw7S1Nj3bvzAK2Tp0zh,energetic
1Vi2Hln3U0kwCobsJuxU0u,energetic
1qAoLWN9D0DdXdYEb1E0SR,energetic
4ux5JDx1ZIkXI1hSdQurEm,energetic
7gUXlJsKGr8mEtk34SbtRM,energetic
5BBhJNarXBMtmjTkRIRwqf,energetic
4t5C7Htbl8PiKSpn3cJmkB,energetic
2UFoq8NYEwHq12lDaFXbf2,energetic
6TVw1REqlw4pPKdeUeBveC,energetic
6VQhj1Cg6LDzwssJTBCeiR,energetic
4ke10RxaICD8Aigf7YTFrd,energetic
2DMFTcA4eNZZpD7VJBE6FK,energetic
2B7kyTaNkB5T6Ux7LYDZ9y,energetic
5xuktWMVGM0OcOOO39zILo,energetic
494UHDnnvtvY3ifv90cyvE,energetic
1Z2wNdz9sog3eRcrg1X7pt,energetic
7HHGEai7g176wmSHmopSTJ,energetic
0bDVLTEI8Ixw2l0Vcs5VhP,energetic
0FVodGo4LzkDXt9ABVUXKk,energetic
7zjEyeBsaw9gV0jofJLfOM,energetic
00heCk7MFJjobB3wCgmRqF,energetic
7qyAnLf3PVQ9bLbVlc0EGQ,energetic
08YsNMoPidPYJRaG9eGnAe,energetic
44MlRAoQVkIlKTZ0UuOoo2,energetic
5am6UhpygesRlLeNqlqcv7,energetic
5x4j4xS4xTfkV2QuGddF1U,energetic
4BtOh0Xwh3DHelPQ14MPVC,energetic
17gG7FstaKjcPiLU2izqKH,energetic
3oD13arEDhRTUdsLZw5l5l,energetic
2ABkGAU6J2QzHdCcqQbrEv,energetic
120zqhKtpblAb1RgbcF0xp,energetic
3sUrAdeVGOglwhrhkXzojE,energetic
1pbbsI2KGPOMu0HmuGccBu,energetic
7HKSWfpxHhllSmoLk9AQz8,energetic
4QjbbBQAJ7NiGdlfDPcxag,energetic
1tKsfYB65Kz74yk0HMCdcH,energetic
6mxvMqq6WZ5pID3gEXAtkM,energetic
0KFvii7sUCWtyGxZGQRBSY,energetic
1KR9TkyhxqqpOk45WAm7bM,energetic
0mbTcbWh2fW7P3JPki3AI0,energetic
2CLEiJVmRuh6FCSY3GvHFs,energetic
5WHp6g1loMzDMkcOpVU7hd,energetic
3zuz9LGui8vDo0IXRjshK9,energetic
2lEShzSdM955oiCr7OHVtv,energetic
3zMyIn6Y36IkWbFEmpoiyy,energetic
7ELScJtceKKbkgIpKIkF48,energetic
0oO7TUVNZ1SjCpvcwEeyYB,energetic
7qYAF0thDS48h6cCCv55iN,energetic
7rBnqSSTNXCODFQHlFt6Fm,energetic
3C7BwLZQS19jWFKAOE6GM7,energetic
6ojfWEW5oBSyXQqO9G72iM,energetic
2FRS8gcfTCPSZ7nINtOT1s,energetic
0KSZxTWYzN5Y1NS6iN5N5G,energetic
6NBX51oqOhqU3xqxKEFitH,energetic
33l9UjXEDbNstBEafClqvL,energetic
0MVFkos5wKdDBSovbV3TnF,energetic
0GUuEV6QS1W7dZa8Bi6erR,energetic
1VxnOahDVQTUZ845Erbfj0,energetic
63Wy4ccIZMRdofbYFBzjvd,energetic
0TgC7hjdX2owemmDE75nA1,energetic
4mwGzHSwdGT0XGExNK0N0q,energetic
72ictTz6o0dusD2QpCn4bn,energetic
2bnvcpBdmQToSWce8C6phj,energetic
4L4YgYtU6sGzQBdEXm6EM9,energetic
0OpGOVdpatORSfrrnSZHmW,energetic
40ZhnHqU4CD9DjlwWjrJdv,energetic
2d6Wztd3dHONPfR8txdQxe,energetic
1gsrFaPPIpxsD92lNZHWzG,energetic
0ZxS5AhNqDKvkK1UBFwRJU,energetic
6r1AcMml4IsnPzD1AHeGOL,energetic
0RX6ggjVxAlvpSyJWeICBg,energetic
7291miLWwfOhRbsIeLj9t4,energetic
0ALb7Uyx3DW9sq6LyLH3T6,energetic
4Z1nwI0yyq56GncZxlBgA3,energetic
3HT6vT6B7PdLjLI7m3bpHi,energetic
69LAB22Nz2aGCxFrPQadvJ,energetic
5cN5ZrZ9ParClbHYI1Qc3o,energetic
7Fic9EhJyZ94BMTFU1DVrB,energetic
005S6x895lRAZLsSBEqaqm,energetic
0V4Q8By3wDsqyHLGbqHNNG,energetic
0HOLbMwPsOKXl6LEc35cnj,energetic
00JRScRc9Wbg9H7ewKSpJ4,energetic
3EiVvEFaXqjTANnX7EMVB3,energetic
38Ki5H7v4JuDpmTRAuPKBV,energetic
51aKSi7iyBm4Q7m4qLRVTe,energetic
0RrevZ4nkQAP3krXXjq9Cf,energetic
4qHK2BNxlVpgIxxvt26hTI,energetic
3K0qIOLTyCyf1O2vLYNMUo,energetic
4iwQVRW7H74GUx0JkiBDRh,energetic
0DKlUaFz8cbbfXdDmb7Q18,energetic
1zMYEHdfTjWTJ8GyKAusc2,energetic
3uz6sPWyPre37q4MsM7Yc8,energetic
6DIB8R8ygcuRs2yknlRIDf,energetic
5KgILKx32XysysEcYBfLoj,energetic
0Oe49j06Bjrxs8PltuVeaW,energetic
5fKYox5nqiMry51XCZssmK,energetic
7MwMTzk6eGP96cBhq4nP34,energetic
1t15zuqxqaZcFNK8X9TLJx,energetic
0Omhxcy38tjNxqVZshdfpf,energetic
62MdSMyBIIIqGFrxHH44xA,energetic
25k10EnmnHqtXIGTzcO0a2,energetic
145sE3JjXIhwpdOrvn200z,energetic
3NQKrZQS9Ktn3dUDAsHacD,energetic
21qnJAMtzC6S5SESuqQLEK,energetic
4PPNho3W1AdEmfN3HYaFu5,energetic
7eYRL8uLiXdK4FHKv72seh,energetic
3qormwNZyX9iZ9KLQQmXva,energetic
6V0hFYJIpguiChMGaRBx5t,energetic
52LlYpJ80x7p6IdbAJOVw3,energetic
1SjBcdzWbs79UTCrH4qXJf,energetic
0DcGo1AzAcvUQUdCyHG0uM,energetic
0DvCkDPypJ40cRfe5Jcc7K,energetic
4XKEOT7cCJCKbv27d5oH5i,energetic
0y7lgWwB0jFHN2EZuJMdNi,energetic
71CgNqV27LM6DoBLEQGu6z,energetic
23lnXfr2tzM81Jg2s96zXs,energetic
4jYPN3q8nHspwEWYoq7eug,energetic
6o55OvzOSndGHqgFFtWcMX,energetic
3PznPF3CuCJigOLNkfrXAI,energetic
4Miyg4G2ZTjC6HC6WpUkmz,energetic
4EtMZkeLHmDU48IHG0sFgp,energetic
022Sc1aEX6Hm6rs13T7CpC,energetic
1Zef26yFlCI5fFehplNDjH,energetic
6VM2ZJjcUD4HAssDJAItDT,energetic
4lfTsk5Jfsa3p1nvdqI3XH,energetic
6nAnM9Y5FNyx1SiFQJqgcR,energetic
0oTQoUuj2hMtZBnA6Xs8PB,energetic
1pKwwH7xRmxyeBiGX3n2RX,energetic
4Z7gNzBfatKKyBTUKfzVWD,energetic
0d6fhyBsy2auGDWPbeKaFm,energetic
3RUa2rHGX5n8jMZEeiKUB4,energetic
5LRZxfiAHCi9ku65oGkoHu,energetic
70fkoxR0UOGgTOuXL5trov,energetic
6v5MTJYfjTGnX75PuoKovy,energetic
0tUVnDB0pM7xYGGgIKnyVf,energetic
0UbAuLqISvEk8gDaZLiI6C,energetic
22zrwGAtn9s8IIfwo23g5c,energetic
07Sm4SlYGZ4CRSxgwP3hUr,energetic
19k3BESk1wHwXsGWWQbRzN,energetic
5nk1uSZRvsSt0Gp5PPSPwP,energetic
5K1NocCtXE91XnEr0lJW2D,energetic
3596EdDGZEzM9UPr9w2I0w,energetic
1hnvfSklAvcDySq17hcXFk,energetic
1FL2FpkE64GArSwqcroC62,energetic
4zcF7AbcX5WB4p657xHNuN,energetic
7Bc5ASFVI7wFZGnprlOHCy,energetic
2s5xgr0AL0U31tQZo35SMW,energetic
0P8qiUt6Of1XGHShZzvURU,energetic
6ZIWhfjdxhQUsOqp3Yit10,energetic
12PPi8G6WeTT3i4bjl2e3y,energetic
1g1lDDLS2QCgQhxBwkfhyC,energetic
4I5ZXQJWW5iOLx3cBajaB7,energetic
6RKhJKl16trMCpKRMK0FHa,energetic
1dKXBUKx7oCB2UXlkihNn8,energetic
1kbMC9z9EI2hK8UflT1cFv,energetic
7kH562mdKyS6vwWTKo75m4,energetic
7por3AeGrHkObkyALyaKLM,energetic
6DJYF9PmYNTomezBPr5N13,energetic
1RKQQVR5wzLnSt32RNOOe4,energetic
65TyZt8qaAdq8WFJOFhKvX,energetic
2QABuzexscvJKSCUWuIHdW,energetic
6SxHEBd36nsy3rqDY8STcc,energetic
6ethANfceRWC97t8tqxo1s,energetic
7Kho8NahTcrqnCK5IZGwJb,energetic
0QCIpQV3twfqo9kh0t8Zza,energetic
0X6KS9Vp60u5vrUHHq6KhO,energetic
7aFZCKEMHlANdvfocuE4Re,energetic
6pBkDdHNn7xujkpXYxqE2f,energetic
7KVS3SlnTZDTp17hskwEMB,energetic
3ek49guURJM89dKkovZbZc,energetic
0hb1zeF5MDDHDHt4rCZbu4,energetic
2FN9TiWiXCzbWreB01KehV,energetic
37T0O0Te1HL9wiNhkLO8FY,energetic
4OoeJv0Cf7nRulVflr7LWr,energetic
40w7qGCd2jEZFoHFrv6WlZ,energetic
6Mg3UBqS8TjlUFu8uqWIsa,energetic
1gaa0N2DGSLKcW7aIQu9xF,energetic
7yYlPTEjxydMv8v1s7B8HP,energetic
5sewThcdgGhHUU59efK9V4,energetic
1Oqcew1txTDu4WkGhoXCSC,energetic
5k8OgOSLvnz8tk0X9BuKVN,energetic
6cpkfZImR6o5zHiqWxU2nX,energetic
5gChRPfpBjPIxayZq4Hdmq,energetic
3iyEtTlvlb0fiYGzIvD7S7,energetic
6WwzdsP1Y1bb4NYXpgn5CD,energetic
1ok4L8U6kJ8h1WgZTphgMj,energetic
3ijmDctB4zlYzPGt519CDS,energetic
6j6Q86MXwaaDM6e5ZfSFJC,energetic
4SxCBc4ALKFM8PGeWKNeFK,energetic
3duqKm6OvkHxmC4KgBKjyQ,energetic
2KUg1wCO5fWpHrpLtFfphq,energetic
5BTVFsKqDTWa4zuXGBQjY4,energetic
5glAIQDhslWDz5BjeP8pKk,energetic
2ihkyEhxG7ImnSiPp342T1,energetic
1qtYp6p234yRdDfGaFhgXx,energetic
4JdWWUl6Mt3IKGNB6AH5MT,energetic
1xqT27jSG1Y15vOXfsV0gv,energetic
1LkbF92RTADfmvnHhcYnDd,energetic
3mUbUAa1LlqdgrJKFkfNT2,energetic
5jkmtHv7uuVxa80GLZAY8V,energetic
7DqNGJqQJi5we2yqvokSTU,energetic
2DykokVoPzUCQet0BgMc0c,energetic
5K5o6AfJJ1CavH4o3xvMrK,energetic
2T2MBPjT895beWfqWS6xfo,energetic
0G5jE7ArlZP6ZqMBHa6Fd3,energetic
55uIwgoJtY9fIsiGK2zam3,energetic
1ZFkhOsw9Eim8dCgI2SDvX,energetic
528hdi9bCYgxAgOnXRv28c,energetic
3NQSviuHWK3BRyb3cYcRTI,energetic
0pYWHw1E3lscx9lA4pNZPg,energetic
1Dnpcu7KPC7BcXmhPWCuLr,energetic
6ww3QtV3wV0qBfgYCfFu3C,energetic
7xBcjLBURIepqHlKLgWY5O,energetic
3JW8YY6sPEkjiCQ1dLHkAB,energetic
2W2HV0DWUbp6wxADQNPLTr,energetic
0kWAW8wkGQwepTKyYjJTu5,energetic
5NlLoJIqJxtinseZBfrCUT,energetic
4j6GgyvOpoM7BuzYjkWCvr,energetic
6ecdnYq7ob5tvxlT3U2xwV,energetic
4uhhD8ByrWrVWYQt4X3YUQ,energetic
7lRq5gmJgl1tdqw1LKArDV,energetic
2omkKBNhwvW5v1qEfgFStH,energetic
20VZXnRzvcS0qVMOThjjmM,energetic
6b5gaDGd1zlJtCM873Q23D,energetic
5AsZiMkbxLlR68WM3HHKWZ,energetic
1FqkVpIL5YI36TaNrpKytx,energetic
6PTpSqcMDhLuAt0ljVrqZb,energetic
6V6QUm9LvLoAGTQ2uJemdc,energetic
4xAJFIuiuO6tMAyxhhjzT7,energetic
5xGdf9HnVoRRS3IzXh95LN,energetic
6POY9vLnDAPjwGcKwDlKW6,energetic
7LK2TDF29oZMj4os3929ut,energetic
3OKUyZRJ4k1cdC2YP83nqT,energetic
5s0QFaagAnon8yqC0AJc0P,energetic
5hMuklQBcbuw3l4fywLV6q,energetic
5PLExglNwQraQQTYksOhvj,energetic
5iJCciDWY7cMGp5dcQAmnv,energetic
3opiomIqAXE2WioekeYYSq,energetic
2hFTy2L9ituW2FlpD9xuDT,energetic
49Nge2DE7yJsJwbEUa8Q1m,energetic
4SGKThXke2Y6Rde8c5kOoH,energetic
4T8X7zRetmUBKQ8qOQPSLe,energetic
74AageaiWTTxdPhKzvNX8k,energetic
7DG2bEeQrOBuWstVZOZwJK,energetic
22rEJNsM55diuICDmYljRc,energetic
01x4Vp1HmZIuChbdyRCtgL,energetic
4yjfHIXcuczZ4FI2lCbiei,happy
4V2HNW6XkVSiKOrHQu8Ty6,happy
3oxcExPlA8O1qsWG1po3XE,happy
4nHwPRwu1imdTzmbIDJD6z,happy
6Q45iYMuedSPVotifXvBSh,happy
3LjZ6PqqXfwkcnLOkgLGKI,happy
5mV0snpAQ5o1Jz8AUVEwie,happy
0xnrHxlqzXIEZ6VzsrXiuW,happy
2BnOS9VNF6kW5rMdpsCvZc,happy
6BzYyZ0EmEw24183kl3LRN,happy
0TqAS3Yh65lVja6umDV8at,happy
0f69RBDjPtQAH0rDOfffQv,happy
1lLfHIa3A6CEBvh7aJFU45,happy
4MXE6VCvTsQitHWrAxj7Kg,happy
7tEwEZQMBwdZGHohsJMOgL,happy
5GZ9kmzJ9JCMg2BmR397JD,happy
3RKczrLds6uWB1P8X41h1e,happy
1kRyFUUUhhcOVwh7nBFMZz,happy
1TwKmWcb7k7eptvJVwTYx3,happy
59lNCXBP6UXgRcrSGy2p9T,happy
12kJnmjYeMpdiTkF9WQyMo,happy
1OIWvbbo7iroOiCnHxvRzp,happy
2WasVNgj5GqTbMvCwwy1XO,happy
1szSSU8bl5WB5DJIjNCSc2,happy
2LEA7LNVjAnPs1QyL7kfHT,happy
13ddho2u5Ihmhzzlztkaly,happy
01UYpHuzHi4eB9PAbDoPY2,happy
3yyFNKtIJEWn5ScRB9qLWf,happy
0nkImzFlxP6clYTAvG8I8O,happy
06POVSGbIFuQsc721gLk6Q,happy
0DMWnInvalgU6ml5NifOhQ,happy
0pmU9rDYZnJ53wVNrBOxsV,happy
1S0DrC9rdjTIo6PjtVWDP1,happy
29Phd4Pohtyi4GG4wKm10L,happy
4mHuP4PK7DYU1aPAc0ctM9,happy
7gw9aTMItbIbnuByJEKtJd,happy
2m4VeXCQvKCmtX4wuCLhls,happy
0CM4VBmVNcqm3KC1yBRhrh,happy
3IhtE4fkytdrtEfV34UzkD,happy
7yUQ5Gjqw1aIHKVxkjmKP9,happy
5X6A8puJNGzQaAhHJgx1Ld,happy
01pvWi8YlqZzKB4mzfeh9z,happy
0b0uYcW4xME3GEfjU1bKNy,happy
0TAH3kHHqreWEr7tIf8gqf,happy
0SsTkfOhM7e87trwjEqBQN,happy
7bjK8hZdq0tfUbVT1Z0gGJ,happy
7qGRddrzvhUiCkv7Nj5x3I,happy
4CiVz4bw7X1zjCaJ5ZwxUS,happy
0O4NjQCiyWhGufFgIqZwdY,happy
5TjCzY0OL4ezVa2lc10Ioo,happy
3RQBf03kLBvl2AgRvuC6be,happy
4d7MsLgYnRWx1DrA6ElRdv,happy
1V4M6wZyVXdxbVDFncQRSj,happy
3Xc9Yo7ocxLiE3qqwZeiHx,happy
49ytLGEP5S20N3AhB5YuwJ,happy
6Z9QbzkKGGiMJGWiEvdAax,happy
1lE2MEjDGIHagtoisSWUKB,happy
73zj4myLkZqfA2gsR3HGFY,happy
4Nhv3fj4sOya9pQ9qaUo9y,happy
4ukeLgOTjH39zyvqRrkCt4,happy
6M6RRmzEUesKsBPxitFilb,happy
0g30Wsmd7yshS7762iWdVv,happy
0EujeTNqfFqf3fVF5JlDYd,happy
3NyDYAJeXWsOcOhqeReJIy,happy
6siA1u5Zyq4K0G0gwKEPUY,happy
6YVajR33kCWLhWpMVD8AGD,happy
29RpFeHrgO7cXLzAtXu51e,happy
2MF9rbDJuP6j1ERdx5GC4P,happy
0cPKktPOEIMgaaFSNGVoNi,happy
1csQIwDsYTKSuAp1nYYVCU,happy
3ae1lshs4k3lvV5ENhVSQ9,happy
7yRIz79srVTvmPTXlDlM1C,happy
3rTkjN6l77twzPXjnvp4uj,happy
35XmZnNuONQv0a6Cj2rGT8,happy
2ylONGskKPsLpwVbiMBm36,happy
2aIaZnh2Vs2rv4s82CtHQt,happy
6GoGdrvMQGg7vtYIcqSte6,happy
21y9Yq7qp9ND0VhT0ZZNkQ,happy
6ttiYv0BKaW7spulWhKQqj,happy
7w0BSw2zbz5k2YY7FOAsSm,happy
6o2WunQapVQ2BWGRlypmT7,happy
0eqW8uWYZD19N46werkSTF,happy
1k1IVQItC5jGqwT7y45huY,happy
15cQVPbbwv0sZXrHRIAZeX,happy
3eIma2QNzGjSdVwJVT36r3,happy
620K1lTkETjH7djQPps472,happy
6Xj3JyYTV9thMEuFWeTK4i,happy
27sd7VttES4leG2SfNUr02,happy
1N6BmwmAsPavbiR0R02uA1,happy
7G32sSNO1q1hDEy3T88zMR,happy
21wHJ1jE95uqq60aKIIwqE,happy
0t5stWXXpWv1Z2oH8p5jgH,happy
49UKKZzG5nAB9pFDdY5jSm,happy
2XKe7rAt940mTgpCPaJcwM,happy
1NjfcFSErtGdWjQYqF2pa1,happy
6dZueQyPiXXlvhSZuOQ0IY,happy
6dfTtmcM13qXk6MXZKHepl,happy
0w5zIDZS7UhH8zH6eiKWtz,happy
44LWgf4S6I7GRk64TYxDpO,happy
4Xp9h6y82sSf3IKMWI11GQ,happy
6iB6gxZddoBkzBFaiYwUWT,happy
6t3fmhTVoqCZ2qXOSmSvka,happy
7sIn2BBJ6H55j3cgqjzSYU,happy
6je9ueszqdSoFDtspaI7fK,happy
1nIvUHUPtKLz59eMCGlppe,happy
3icYYz0ftiqgqprJMnv2uK,happy
7KkU4xF6ImhQoOkS6p72Np,happy
1gBknmjBIZk22jw76OlaWE,happy
1DX08glq6CBGBA0N6uL3JV,happy
4zwihDEh8bZEkZbemorKoc,happy
1KGWzUWoSigLHiNUzrypqm,happy
3YWVKVSaxOts6cY9treUbK,happy
1g8lRdOJiwr9b41ZrQMrpq,happy
0zvNgvwSqgvnC9sV6ARN07,happy
7y76DZMFdy9H7C6clwZ1UL,happy
7BDDpgsjfX5alKFVJBqEEO,happy
4wNkg8WPrkM19G0xtUcl7L,happy
19RO5TDuoM2kudrFk7D1TZ,happy
06eBrjCpPiu0aUOrl6rBn6,happy
7qnLPUYXYfMr5eIO43u4mj,happy
0EFY13LZCrgUy4iKwpq4CQ,happy
7aglay90N7gp91pYjd1fPV,happy
0Ku2UuzcYZpfqVUdAUVyS5,happy
2AmEiH07S097y98MXZLYEl,happy
0HOihyeuNnr0snrg6dq4xG,happy
1pwZA3q06QsjORz84Mduqx,happy
1vvr5R0zyWAzHnEExB00Cq,happy
3vC63Nh3rSREo7qDHgnx8I,happy
4sFzAOD1uiP2Ww5XA1OHJf,happy
10J4stqTtRjzNmat9vfBB0,happy
21S9mtK55ZGUi3Sc5yzzjv,happy
1eXxRIu0LzCOokjg77ZJYF,happy
6W2Ef5Ph6ILTUAedoQ3QIv,happy
1wupRbRPj53wGgNR8nQjmO,happy
5UdaiPqJ2gOTpvtnHaR5NI,happy
3dQ0sm4dz1IcRXfY7XhmMs,happy
2jElfWdcul95hdywpEcCkM,happy
4V1M7WOM8dzka0vXs8fREY,happy
2VbACYjhk2Tn2olTkW5vUC,happy
6I1y1Kz427rKZ7jmn4Yr5a,happy
04ihiy2bjaS0juj1GZ3tZH,happy
1orqOERVgfkPlUMbxhG6tn,happy
0Sk38eRXJUTTVqJ3HZtJt5,happy
79wPQzg5wyI59JWBpgjL0x,happy
55I3rr3xNjjExk6Y1M5st6,happy
5lcvbS6Rab3KiwywboYyPV,happy
6T0hb4fYkBV6M7RKw64Z3a,happy
4x3Rg7TrWCl5866kkjoZDa,happy
778OfCc8oScqziRtjTayUt,happy
5IBly5FmviWtfA8u3sJKkj,happy
3cDSFHZBeJpdgUFw9U4yvu,happy
6auDCEMr5aHTNu4Kw9h5U6,happy
00KJslWVQ7smtb54hwJoOP,happy
6YA5GUVCP2JFyUuLYlSC7S,happy
7lBk4m8i2ZsmqDWDPiP2W6,happy
6Wa2ZPHKcQudy9wLtmNgEd,happy
1XDKSTG0MCWtkF98Q9qqGD,happy
21Nofwz9Xw2e8LgUMJEy0i,happy
0VF7YLIxSQKyNiFL3X6MmN,happy
5tdz7T4hTxA1ipJMBe24uX,happy
4lPI53baZ3GpDgnLhlvYkH,happy
6aWjTHJAe4Ypr1M9PgZp8X,happy
778Ir2zryzh9WpCL1YcHLK,happy
1ADPHowx0xlfcIT1Kqe0rd,happy
1qu7IZo48a9vbQjwEoqnji,happy
4uHi4vmmMV5tN1tENULUEt,happy
4EsVu3KIMMTHzbRosC5DYg,happy
6RsGOgvkVKyWVF8qTmwSFx,happy
2lz9YLZeQXjlLpfB2lUphh,happy
0mGRAnmIyNVNpLK715H8cJ,happy
5zfEZXP0wtiDiMYrk9fP8H,happy
3yJf0JYEwoRBCJVAPaErxX,happy
7CY0eZVHkRStHGthvCgYpp,happy
5xoOTZH1lyV3mj3R195nkZ,happy
3QJ2ZSNC5Aiq5voJGHxQXi,happy
7IlkN9ArrxsNY39f4ULmFN,happy
3DeK5G7OhuJ1P1462XXgIu,happy
41gWgUEkoPfs6eZ1RC7V5q,happy
1xC7pXx7gNWuDT1cS72ndv,happy
3BBMNT5kxTsYxe1r0DukIb,happy
5MZCkeQBxarHBbAEuRq9Od,happy
09AdDjJmLUHM5wKgLqMyp4,happy
1sYPiSou59AOcqM7Dwi8wv,happy
2o0byUCnO9ki2k0GSm1gJc,happy
7daotcJ9fJFX1h6nMpHQlx,happy
0Mpvy5FziEunQHHBzYK2fw,happy
71Wm3uLdKM6tzhzO1QIDsJ,happy
0AIaz3sL7OSiMCXHLoHc00,happy
48PU5y9NB0KnTpdKkb9ACC,happy
70xt0VZFShxSbfhTg3NcmF,happy
6IVH3bLA6UxUMDnAdz9SPU,happy
51MOVzgxV19NteFToSeB97,happy
2s4FwLhJnMKke7TKMA0oQO,happy
5IMFa8ISmcse5yITzrGgJo,happy
2CXeZfa74YYNHLp5cVdpmx,happy
2Ehbvf1g7ptEpIcue3JdNB,happy
6k9e1qg1kY6qOn0n07uJO7,happy
3azAbnYxhmb1QmKZx4RZfS,happy
3Jscz9ODgRCDQKyFtJPIyW,happy
4SvnO6AmOVt7DpCuRrvijV,happy
5NAIqRQvbCVqx1ONjpH4QY,happy
6QCgcQsB1jQHstKImrBuge,happy
2zjRIqVM171ZQB1GCHHl1t,happy
5pAISjerKu0Wl9LDjlbfwU,happy
7jTqJE0b0q2mnK85t9aPAE,happy
7lj0vXLgWbyB0BvCsk22hn,happy
6uPnrBgweGOcwjFL4ItAvV,happy
390WqtJIPHg5IUSrFycnKT,happy
3MYYVKim1Rxy7Th023llR3,happy
3sdpSITsKyodyGk8VcRlEv,happy
19UUPNx5jccGgQ2GCIZkww,happy
1DyDL9VGmo6eAqNQ4uOtwz,happy
2ZM9VOj5cqNNb5nYTeNffY,happy
5XMkENs3GfeRza8MfVAhjK,happy
6py1RioUpyoVtG9Tet1T5C,happy
3XXdy7GRbHWrBejMCfvswq,happy
6cDbEDi5c3wd1t2eHKzUhJ,happy
61Pt4eFd9iq62XbWDZrgmf,happy
0PVZAgKLKsZsUaFZQq708j,happy
6JXOiuz7JpdJF7zd6hb1FW,happy
6E0o3c4mgb7K5DB2TXg4XX,happy
3lBZDxllvKunJUqASxUBA0,happy
3xHovo7fvyDSb1kIqpkonF,happy
5WPfCHhYBqXHyFVjfzQdcs,happy
0RQJP3E6i4kFXubZFazVig,happy
4hD3GY02X1jqSeku2G9FxS,happy
3NcO4jGK1Opb5ea0mYLpxb,happy
1gbxmIlmgIOVkr17mXVMAJ,happy
57ZvQWNFlZcuwKcpnIMHBB,happy
1O26SjawSDVCpikl9nNUyp,happy
6iAp1MNTsYOslxigofhff7,happy
4a7Rlixs6FWAceJlXeZakG,happy
543jS7X7d0RTFknUjgejzf,happy
0bWNPKPEjuWWdBudTqjFgY,happy
2qBDr36iZsVUALZOLYiXME,happy
1EstcgOUsLueM5RmwW6UH1,happy
3x8pUjSmTazaDhTsvDJ4lV,happy
2M7y4xDWT67Lf0JE9mrz1R,happy
0nJPxONbsGILkjSVY8wpzB,happy
7sK8jrfZzxdgvuMBlCHJKO,happy
0dGdtwkGc0nAcGXO5hxrjG,happy
6Tf1oSS6IpO89QPbn4EECm,happy
78nvT4euebtCsEigaNt4aa,happy
1xeVN3l7bp75ZHYAtTdRdj,happy
1rm5VVQB73LDjqus42pjqM,happy
3mfER4ORePHvN35cbZ3dkV,happy
0puufcqD6Oq4zbVdkZIxdm,happy
3JAf2twYPUG2FTkIn2OAvv,happy
43qHtsBlK5OBdlNPK01PRT,happy
6pdHD7q1l77nnxUKWeVhaP,happy
71wgHJNecSh7jO3zp5c9Ol,happy
5ayeU2qdo44nsX9kUTGyb9,happy
5QmUcHfna8gAlxkxJVOhdL,happy
73rnFGqqmVw0TlU1ySH1cJ,happy
5sauYE8MJK21W2scUtWgn0,happy
1PV1ReU8mG5e0PhdazDOAI,happy
7KH0LxkLtp1FivXBRycwla,happy
5EMrRVZBUnGkpgkuzyfoqW,happy
21PYvZScoUng2OZNj21VTh,happy
2yWtbIBhuwJ6GHR5X5qP4O,happy
1EIu6RsVrGIkmjRePSnNH1,happy
7oD4wW96RAo6PtDYbYr4R9,happy
2NsXaX57RKYDmgAFYzFeYt,happy
3VwCHFahYwyUSR0Rse4Boo,happy
4NvllyuBr4vBde0NADP1d9,happy
4F8XtWnfyluO4o1kIOPD6J,happy
3mkQGZ4DR8WOygqBr3E4gp,happy
2RvsjdNDTMYkvdg0sKEJSk,happy
7oDSG2Q9RBU0QjgtfYQOdD,happy
6HhB38lPk66bsJA28l12xM,happy
418gyTdvL3I31iA28vgiyT,happy
3C4xxMkEURx9rOF5U4bAgw,happy
0ThRTkzCvUolgkkqrBw0MD,happy
1CDzSigt1V64kJwgcaybMV,happy
6wVViUl2xSRoDK2T7dMZbR,happy
2nl2lQNYP4N6ho7MfHcPPv,happy
5Hfhlz6uIF3hF96Yqd5vWi,happy
5nMioxehMMmISKj0Lix803,happy
6v4kMyNmGs0AubjTcvwXaH,happy
0eysCPbdIKsgBHbVIVBwEJ,happy
2tDX7nq8jJmte0spo1RPmS,happy
5pfraxXh5A25R9GmCwSfDF,happy
6foPAR4znfqXrCZxt4OMqt,happy
4alytlIn91jJgzsu6rSONb,happy
2OH60g8ezyD30B2s4IuFUW,happy
0suZTGdp9l4cBrUhHxlNWL,happy
18ylkC0Os5axff3X6XhrnP,happy
5E9mCmOMtJ3grhWTmnAROx,happy
3L2sDUpxZAl9eWSROiGxK5,happy
0evVIHGlp94jOUMvoQZRVD,happy
5L24hlHCQ82xGrRv54XPwP,happy
0UzuLb3RGHWGQ9URnWcNks,happy
1BVzLiBS3MWmXzqcxBFJDt,happy
77IAeEz8LEchPN8UNjaTJ2,happy
5OFVzqSeFxGpvDGyHvVeLj,happy
1kmeWJWUp14x1G6rz8w5ry,happy
7zz9FGaOVjo3AiVfBHXu4T,happy
1qrmmcPbMc43tXku8vdGuI,happy
7q4PiANPvHyZd4X7Ac21dS,happy
6n87MuRTJHDvtPVPP9cmYT,happy
1Rp3yGWCZFfsn94bY2cRxF,happy
2uNPQoi2ydxED61XHzldl2,happy
12fyNOubhs7VyrtXaaLvBn,happy
02Ha5xuLkvBT4UcT86wxZC,happy
67ac1pGKlZg6T75XRvCT5S,happy
6KzfavKMb40Fz504LFQWiH,happy
3Gf5nttwcX9aaSQXRWidEZ,happy
5euumi7eqEgmxvCIJw2pSp,happy
4aw5KPXjs9g8J9nW6jQXBk,happy
5DjWWVI3WsxMIvDbr6TSLR,happy
0vtJ9Dq53hfXE3KyP1yPni,happy
3xTyrIkf9de0GujwBiAy5Y,happy
2O9O26335YYVckmRgPKY3s,happy
5PmL2SSt02ca48oNle9vUE,happy
5iBUS6fqRWhwqRXXfKu3tV,happy
1nkyXcvnogwVXRmKCQ6063,happy
65czmdlcC5fzcJaMbpbOiR,happy
4B1K0vuK3Jj6vS8KpNNioF,happy
7ffO1yknVKyhPZ8QbeKhkQ,happy
1pxEVfV5J4nyp3QEbEA5LB,happy
6h5SyNDu6MJHkQqCKRhWa3,happy
3HATF0OPbTWWy5TPz8KiAu,happy
3pRLo3tEIHHsER3FBAJkiY,happy
0TGIw5lMfCjMhFZN7z43uk,happy
6Yl8lZX3vdETNqjmownjZ5,happy
0q0Htw3tNkJM87u7fm1kPd,happy
5Uo2gnt4HnF3U4y8tpKjHf,happy
520fkoz7YAPnqZNvZ21UfP,happy
2SKa3KCPizqyVvKNmrZsHP,happy
4el50rqsebXFFI0Ah3V1Z1,happy
4UEiQAVyosBfitbX04SUDq,happy
2lySsevT2eJurbQE4pp7W0,happy
0wL0xiLZXRnif7Gzqau67n,happy
3e7cLCt34fTTQg7LIaI6WU,happy
676JsP8nVp5aimcscpv9iC,happy
0ZkElHGEj2Z6tKkWZadGpi,happy
11bjmggAUphDSDOKzMCNiP,happy
2dDDSwFm8cMy2mw4NVuBFm,happy
0kfBdy1hlsWmtEiYU8rzQ5,happy
08NWtfgf0ddC1KaM1sgiLe,happy
289FVQxZ6GoNP36QcdVQ0f,happy
3bVtWDBpU9P2KwYjIXmSQx,happy
2H3qnQaszcjAFvGgeylaZQ,happy
0YjFF1QQ3L3dNMkXHjEXFy,happy
32K6zBYFUUxKrdsoZd7k3v,happy
1MjQVOrGdqgTjqDQhkjBGe,happy
3BgDcr8VdavCSjAOjmyIar,happy
12Vip1udK3zP7X1jUPayVy,happy
7m7EUiRC7fge98IV5B0mQk,happy
5R3qJxx2sz8XNjd2kf3XJD,happy
1a8kflZsK3IWDJqbEUqwoB,happy
7ne4VBA60CxGM75vw0EYad,happy
1KFwBOa8gDqT7Avua2yxfe,happy
48YY3KJOFfMUvX3dxLjI0J,happy
5wbzO5OLtIYOw9A7cc5bHk,happy
4EtduIodG7VPbIlXrxPR9N,happy
6kW3tJjtDl3BYwJt52HWcp,happy
0dXZcQLf38si5fe0IqpCCe,happy
0XRf5KvljGef9eVvuT14yx,happy
4pRhjxWBN1EypUQnxu103C,happy
4uiTLo6ME17pkjLwl4MMVZ,happy
2mQo4fkaABMt0jzmgpuS4Y,happy
6s5fUwdCA6b0fqZucUIlmM,happy
0oZOEqS41gIhsBN8Lnp9Si,happy
1HO8v2GcayPkBshiknWdc1,happy
14cYQ0l4zbRa0u76EqtLdI,happy
04076BXj8KGDkeCV6SdfqW,happy
1e46ZC7vtQcyGEOFbyv1df,happy
0DqqKYKk9QDBQKPjeLHUSH,happy
34HgIvucTKJvDgzHVMaGLG,happy
3BNJdUjoFJvOCw5KMB0KvE,happy
1rWR3CeTyW3fdieXEyiCTg,happy
4tgggzUQ2rFsqTCgxHtXkj,happy
5NM8v7DOexgrrxefEnKR2V,happy
2KhDCDiSccgFJwtMINil7y,happy
1fmrA9i3TI7HZUrnKZwdf2,happy
6twjuBZfRJIZnoHrghzWLk,happy
5ePWEIIac4uTeY157xLA6d,happy
2lWTEj7WgHrBK0SJ63euGA,happy
748MqeDRJ401KBqwCn5zHB,happy
3yRvFLDbAK144NMn29FwJx,happy
0XjqA730TIgScUA5SIijSA,happy
58w5J5yNWeGZ7a4cM1rO7Y,happy
3H9XXmAbYWzEBzWyRDsDeJ,happy
76SmoFv3iF1mA5B4dbVCOd,happy
6fWVzqwr0o5puZJp1HIXHY,happy
6oeMntjclWLoguzwj5ECTo,happy
1AG8dAygTXDGSHeU1Gl9je,happy
3NeMbTRgcttgfGI2CsRsCB,happy
1N7EvHKdB4bCzfF1C5GhwN,happy
0JGLnIfGj0Xv2BkwnxCsj3,happy
0FulmAyNlu1Oor1u5r7Hfu,happy
25fcj6d2W1l8DQL11Czdzb,happy
6weETpvmaPCqh6anvdj3aL,happy
6RjPNFw76DaIlekd1QatCG,happy
1qosh64U6CR5ki1g1Rf2dZ,happy
79eYrF8m6BpEsWjTOMJKSm,happy
1OkIpW255qLxswGyjgUL5x,happy
3URKVmDz5tkE7AfkQLWEeL,happy
7zPGAYbQ3Ixy64IaojMkIK,happy
4ibASZS3xDSjGjD0rmYehk,happy
0vmiSFfWMCbWo4f8cQwe1p,happy
7B9WqxPfy53Xo8VVezEJpj,happy
2YuelA1W0c01zSMTa4mrko,happy
254zyo0dY1x6WTkkhDPdrm,happy
4CKsJDl7rjLtlmpOMh7s0E,happy
2gxGGH6wHGqIeyTu2ahqiR,happy
5TbB9PL4yJGcaKHgKZhubs,happy
6dZy2kZlSFXEDZVs7yflI6,happy
5B8VpcIC3EAI3wke3XQoRy,happy
3faDpzQBDgS0cHVJgWlmVR,happy
0NLoaJRXDpps78h8NhSnsV,happy
4xLP5szpl2XH9TrflwAMk4,happy
1EBB8gb7MHTpfB7atI2hFb,happy
2LKTBOPA0yNjmAfMjBw0is,happy
3P3Vwfw172hFYUrkEIpuC8,happy
3Gq4qo8QepeFNfngKWFZ9k,happy
3zCSW20PGmxhiFZ7wQ32ng,happy
4p7DTkyrKqT98xlIwYYfXz,happy
19KlZwqlT3fguP2BeHF1Q1,happy
68b7HXwHqNNQuxd5MQTjha,happy
6T2iOabRNLRSmjI5hoXP0W,happy
1UlW4ZFwVQw53v9fP8b56w,happy
7Knpqr9tScz2AyMhqKt7ne,happy
5Jaa9Lwy5lRXy6StyVnX5N,happy
1xaxwmbRUTVs0kz42PfvMi,happy
2fyAYJ8wdWLXQtPSwh8b1p,happy
6fqbblMIytVYfUn8ra4bdV,happy
46EUbU4TZtUbgAIpm6TsAv,happy
3TRMiltH5yPJ2FRJ6zVZmX,happy
320Nu0sP4XQA59qFEtDVmL,happy
7riLa0TeQ3tWG1qwzFx1d6,happy
3Dw9lMKAtrorXeW0wec1dr,happy
1bQDHoVT4sIOFYQ0fQdGK8,happy
6n74NNd4lwRX9hZwq3nC4Q,happy
1MXT23WK4ZOhajQXPCEb7s,happy
2NzVoyqqVo0TxzlFeFiy1k,happy
0xoYZ45fgTfyQYREZPN7Sa,happy
5Q2kkEaGk0hBrlg1P8xbh7,happy
1DgwzQeG76wpaEgOHgFkXk,happy
5QBOGAX4SDVHA21nNo1yUL,happy
7w8jdic2V47tuRdr6TN05j,happy
7oGof9OCbF6rAIGj51gz1L,happy
75POH5miILFRFwKtbNwxO9,happy
66bHGo8HLI1irWJgQpzmpq,happy
7Hk3YzvdoFu5SApr2xQEDo,happy
4cQU8lZ3nSfqdXVaC2rP1d,happy
1MO3vlEZjAQHM6i1HJtZMA,happy
1RFz67iYNxW8IUOaAqj9b2,happy
1yI97ZJvIWKmYo3fRjn8nH,happy
4keRIRjPdSuEFfkAJZfWfW,happy
1kieZxpQlrw6BsFNzdrW9O,happy
3kMWZJ4m6gqS17mmvewE2y,happy
5jxuw4S5IDEY6CjjAHvRAt,happy
1VA0r7oIIuMkBUvLqrgL2g,happy
6ihzpb4wOYkZut6iEC1MHE,happy
6AwBSWBq9WvZmJRqqv12Fa,happy
6INilUHOMe2eJbtdc16QNm,happy
7G57OT4K9xmDbFvlcpPSOh,happy
4N4PQ0pRLY1WdwzZB8YNtp,happy
21bT9oenAi7QSuB41nCPaz,happy
5lQmq1cbTk6Nn44HNurBQ4,happy
568YGxGszOcig0YvJZ1drm,happy
64Ds8EuwkeGSOeXDzXLRZz,happy
2J387p5V17S6MkpcdOXo9v,happy
3vcLw8QA3yCOkrj9oLSZNs,happy
1e6nbIrqZMduZNRCpBfbvl,happy
5AJ0i4awpkyvuv5UdV3KLj,happy
2930YKrquQpoFSuZQkepfz,happy
51EEbtVmttTCHMNhsTLuTn,happy
68Vd6TgeWXtLI9apCZhBCx,happy
3j1AzSkYq0Czpwyqac43iC,happy
7fJF69WwsQZ9JMk4Bo8vBj,happy
523i3lvg9ih2bgsMZZCLSX,happy
3nOVcTL5SELTL7qpwEhKUc,happy
5KMj4vhaIhGx6vLKXc4iS8,happy
3Qw78YoJ5wmEihBrvRL3MD,happy
2aatVWQ14MjBN0NtRELkAx,happy
6iayg21nP4uuEej073XT7x,happy
4s43WHOaYfP5w0L6Ql76nX,happy
6SKiTrZmg0tYvwJEgZRqvw,happy
2Rokh8lMx6tcMdXrGRUBvT,happy
35PoO9rbNf99RMPi8TTstY,happy
3Qfjzd5Rd7xjlQBm5pGcuM,happy
4y1ND1qDdj9cZvz5bsoLKJ,happy
6N0xn0DNwWeSr5ZKlPIbh7,happy
4UbT1rYh0Qb1DUiW4zWFdK,happy
1IlQl5Gcn4X75LjC3Ln1ki,happy
5XpWfnbkb5JngB776vzAaP,happy
0JEMYLReqCXmq8xYnTStkD,happy
7q7QouW9jl3cddUlCiIlVY,happy
7pPMx57fvpINMYGE0eZFhp,happy
2KHgPAJycXwbZ2S1xuUT9T,happy
1jpEnbAJkcI30exvaUM60R,happy
5ahg1jGIBNHH4y6syt9Wop,happy
5S0lCH2GzlWLoABWQMQB8v,happy
3GwM2HCRlM3eJYgCrMOygJ,happy
0ap2qKb84MxURGLNUSPHWR,happy
5ZBfTwV3HoV5txpLplNfXz,happy
7cuhqNGgo4ERHQ874AySPJ,happy
3TnjzoXmTUJFQj2m6bZHlI,romantic
4oHQ8n9OKQ3599e8noCrDX,romantic
0Clw0Di1cC4PauQVvYVkan,romantic
0rx7xu0RmZLpJjKNVZjSVv,romantic
3b4i8qHI84sQfmw6A3CD2q,romantic
0X5yoiAdFeKl8lBxXL6GSD,romantic
3dQHlnZMraJowb43SREjEb,romantic
0UDEtLcKGBU73D15u5g1r3,romantic
5qkNIhQul4yeDYyU4dOX9D,romantic
7xVjKU6399E5F3b68C0Mk2,romantic
5Ru4IvuZ2HtqqvK4r6lpBC,romantic
37RdUoVflkM32nEOZF1pFy,romantic
0dRU2b0L1f1vJ3N6iiB2pj,romantic
4TwcggftuW5QQkqtsCuFVq,romantic
5cxeDbK7ZEefo866N1vE8m,romantic
3lyqw7CrZa9l2w9rvE8N3u,romantic
1FbxpeYh1qPvQMve046NQU,romantic
6VcaTmR9UhOuZD7aNNilOV,romantic
4zbk56WTo5G8fuIiEhxtix,romantic
4Egqw4G2svWMRtc3MlYLb7,romantic
2O9bMJticxbQ8FH3NiQ7Xh,romantic
2ML7vSeIZEmOCOiLUmz7Sv,romantic
3D5S3716oU167TSr3l9aOh,romantic
6g1CBq8VLyEiDm2NEpV46F,romantic
3ascnOSOR5MX901ylGuhcl,romantic
2ncHgB3JjvnY4YcoMo8tGl,romantic
69KERH8EU5P2VwxWlmOVcU,romantic
28xX6K8LnkZve4RiuEB3iK,romantic
69GP0uR8ps0MAyWRvlCKSw,romantic
08Hvl1OJalM7dG6mf6jpx6,romantic
2TYjNXTf01ieq5cfEsraYu,romantic
3iosvCL6POK3ZOW8CrAAov,romantic
7ySsHJDQ5Hp91CtjglHAkm,romantic
5EnmoBG4KMnLdEcyUl5DVo,romantic
3VGOgdTqoMYOohpmD0IIHL,romantic
1me279fqNEfvXy9aIEzdgh,romantic
6Qtr6LHcDus7ec1ca2CQaZ,romantic
1Fan6vOd4vf50rOJg3CBrl,romantic
663QOtCqjmjVkIFi4UpVKC,romantic
27BDOzvkt1pfTuKW3OUdbU,romantic
1osWWuLb9Of1EzAgouAfUT,romantic
4slaRm5dyBkuof93xiqdGA,romantic
58TgCVYSEKjUH9LVEzOMf0,romantic
1ROlcVl7aHi8JtPvFZokxB,romantic
00uY3EHPhi2uFkjGt6Uvc8,romantic
2AAK63kYqgxtI4aqvOVQRW,romantic
3W1O4FiAir9YhqMTFGsBIY,romantic
5rc7178sa2YRDlBFBHY0e8,romantic
0CELZ82smIgRG48BCUOt1S,romantic
0jnMprEniRGsZeuKoSVWc3,romantic
6YkSdEHAH7AY5usEYC4lxV,romantic
1dGr1c8CrMLDpV6mPbImSI,romantic
6JtnOj7ubrZpi2busElfkt,romantic
2XUx8PCXGpP1XhZJMGiUol,romantic
4rX0i02dd8ERoZR0kAFsag,romantic
1FN5h6OZKfFH4kJf19FlUH,romantic
4i6RTfAn7kjNYfISootvrX,romantic
7MlDNspYwfqnHxORufupwq,romantic
2SCGuBLKsGKA5qrpKQovMS,romantic
6nBQFAIVFmAx2oZ8p6lUg6,romantic
7DbdUf8aHSYoliSjO6LZv6,romantic
7qWsed94aNtkX9Q3tC5png,romantic
6QUbRf4ex0SwBM6mq67obD,romantic
2xlBIlddRKBiZzQJHduHVa,romantic
70uFXLhqvHDKDRFhwxomza,romantic
0gBfLS4aqbrr1ZvVv8dqWB,romantic
0UiZy5UzADKKA4iH2vAB5W,romantic
0klGIUj3IjrVP4fB5eYOjm,romantic
02OnfBN8tq7DdjytKVBwbS,romantic
3Qy8NKKKlABTBDqfLPj1zz,romantic
4FLEgxY4YleMrTQgqXrBs2,romantic
5u0rJIznoxXOXull8cVUFv,romantic
02l8T7IJ5UQE19m8cjY20f,romantic
5msguB7ZlCCWXzT8FyzhYv,romantic
5NV1fJ07HzjGr24uXXhIPk,romantic
2kTD0X4BExtDKru6wPDGgF,romantic
7iW0vxUhWPhIzG0MbVzOtF,romantic
6bO0RKtbyVtaKcNwvX8VUt,romantic
0Xs0zLLZqeA1JvcxU3ddR5,romantic
5Mysty4YeFTdu2Xm7O2yHM,romantic
3adXsAIxSKI2XCf85Es0p0,romantic
3g8k3KFJlfDmo8u19wz4fs,romantic
2rd4FH1cSaWGc0ZiUaMbX9,romantic
3kELx9649S7U5jKdV7plto,romantic
3PhTK1h8KaipFeDnGDTvLR,romantic
3Gk1LfB771PIEGgsEa7gcV,romantic
4kDmQFmPsee4SR5YfoVBFW,romantic
4Og0uXMYqouN7xOQ7u8jiW,romantic
5Dos1RDsKNi95H6kxXJu1y,romantic
2NUFP83gKniHbqfHsqq6Mi,romantic
7j8Cn6JwRm76xGvnuLpBG0,romantic
1cOwuAdy6uO1QLsRnYx8XX,romantic
05sCHudF7oItIS0xA8lhyv,romantic
6RE61JJoXPSFBYJRxkXCes,romantic
7A7lxMWZI2Uow7WqWjWGcM,romantic
00J379ltIrZjaVZIK2TAzN,romantic
6UumSbVp1ae6IfcOWDo1oL,romantic
4GGzaPAn4mRg7OGbMv08qc,romantic
0uJDgv0X5G1XNP0rREcrwz,romantic
4qQwGRtGT7l6ckQtdPEFd4,romantic
5LFE7tcJCZ2zPTe0vMbOTe,romantic
4q1YAN1qs1cOQTl7d8VWGA,romantic
60bVKM28Ek3rtGnoKWVLFO,romantic
6ee7GQEkmWld8pGIl0E19Z,romantic
24Cn9eJ9JOScYL3F8Panyq,romantic
49VSK1KMCx9GdfQnXtg7BQ,romantic
6g78mr9w3kwxzZe35RGu0H,romantic
2KttmVC15vjBixo3np27Sq,romantic
2aQUv9HFZa4X5YR7eaUCrk,romantic
7iYNgXyz3IQrZzS9YLYCaq,romantic
0T5iIrXA4p5GsubkhuBIKV,romantic
0u2P5u6lvoDfwTYjAADbn4,romantic
6Q9zbu651WpndktBRgTjVl,romantic
0qBJf99P4Hj9O6Bri30hNZ,romantic
6qqrTXSdwiJaq8SO0X2lSe,romantic
0xt9CLGbDDjoBpwVC8LrvC,romantic
09YuacyyW9Z6QvTbOfAHUk,romantic
17VyC24u3aZ7nI6SHd2quu,romantic
1ckUv507kRjYZqx7EXIPWC,romantic
1lnv5XUK0gMv6gkU7URJR3,romantic
2p3uBEm56rJfOWTMACI5ZV,romantic
1lzvc17qKf2CyIOSWUEH4p,romantic
00fRUfon3pr861IKiG03kA,romantic
1B3YSc9Pgkf3S1ly3ks7kO,romantic
1UH4viviUjZnS9aWgPGrk0,romantic
2cPU1MnlgHgeUKjaX7ZBKb,romantic
1d6YNDscRsa1P6Aek7f7T9,romantic
4YV9TCrHSQ30ZoSG8ENuNx,romantic
3IMGrzXrpPJesM42INzvct,romantic
1eP0iqOpgmDUOmXMQglrx6,romantic
20jbSiX29FDX4oQxBXyUEi,romantic
5qns60s4KH03UOJnEJhRVp,romantic
4mdcJOb3hClffn4VSpK2hw,romantic
0DtZAw9mEVA1fh6YOQE2u6,romantic
5mDGGqMn8t3YVKZRkYgbLI,romantic
2FkODjLPHg3FpQjv9MRawD,romantic
4oQ9xRKqZBpiGecr7Ji2Hi,romantic
25vFrwbvXqZpzu03R5Lzjq,romantic
0BeEHlEPK34iZhIRztyQHR,romantic
5bhTUxSNkAZ4H3uFjSJRTY,romantic
3uiMBldZ07pW0ySHDX5gzE,romantic
1ccHffhqp1kqFpSrqCXeL2,romantic
31CFbc2CDoYTT1If00pasb,romantic
7lKwyfUoZoYbZiloOC3N4A,romantic
2seA1Td5wAdeaSBXEYmqYU,romantic
5GBiCqyorTSky6snmFioER,romantic
7hjFCgeVJYTO87ZfNryMbE,romantic
69oJUdl1QdUbm1sL8n5gRP,romantic
3Kr7UHOUkgaH4PK3Mp1fUP,romantic
0yYIWWEovaSiAxRUS7AypW,romantic
5QYnNhTKsN3kE7OaqILA1U,romantic
1rjvXhfeSpVVqERzW8qhRw,romantic
10PhUdvs3IAiTtnPPowjAV,romantic
5blHL2xSCGv00fr1DGuvEf,romantic
1JHMepYlcOeDhGY7UNBM3y,romantic
2sF4BcLmeey9aeHM3iTdNU,romantic
6SOJwznM9EuhsspI20Xk0Z,romantic
0xdTwXMHYli9KaAvGtw9fA,romantic
2NQ24Tq4CdGWh4ekscPagO,romantic
2wDCk94X9FuNP709l0J0rq,romantic
0lSam792xQGmOFaye9lIzw,romantic
4RtFabLO2KuYlxBlgHkg64,romantic
0jyOHNhaRUBeFG0U7wNLMp,romantic
7G0zjGJ95N6vpEadeBR2VR,romantic
257GeysByb9gXaOfPP3uxt,romantic
6j4dLD4sg7cgTZANMHWaT8,romantic
5YVmHTAsdWnoanWXB7AwZX,romantic
2P6YMsU9jt22CXfizfudi3,romantic
7G89TqdJ9lZIv4toGuxjAr,romantic
3WGH5P3BzYDxJBRSQDmK8J,romantic
2r9AR0xWWiARmVkwRWZq35,romantic
4rMegGKoZR9VaR0dxhr6Z4,romantic
18hPvq4l7aiolR6NenxBz6,romantic
2wXHTHJDDEpv6N5euoGjRC,romantic
5h1BN75CEh8wdSwE1xrbSe,romantic
4QKCIUzdZvqPS1ObvFuiHo,romantic
7F1CiKqrY44kh5cDqwHOnx,romantic
0ayoD1fd3d6zl73S82V9QC,romantic
3CKyewZsIKsxlrAmhSA0Bm,romantic
7sHhX2N1WuMmTbvazwLdla,romantic
6nl5aHoC8ozU5GzEOg6G3x,romantic
51ZQ1vr10ffzbwIjDCwqm4,romantic
2kPAl6YUXZ4Ts3ZYMw8pNK,romantic
0WFryfbNKPXVtVQlz5dZ8H,romantic
5qOvLaKfp3WircpHjHxq9O,romantic
1W411YtRZUUCrENOr0ebC9,romantic
0mgTPwBKGDKl6OMMxFOuBg,romantic
0BzGwc7tNn93M4pofMm7eS,romantic
1mHQwQ7mdEcWOg3xBtEmqA,romantic
6UoEicsgQ7sjAGsU0kAxje,romantic
0Q5VnK2DYzRyfqQRJuUtvi,romantic
7250RSp7sakMDZoeXuywlx,romantic
58UKC45GPNTflCN6nwCUeF,romantic
4YD5RuRjByJ6Sz0srp5Aii,romantic
7DebH6tIiqdQmpfk81egUN,romantic
7mQwLzpLhIAWpu1R2Y6ueU,romantic
0NbEWzChj7p6A6ZiyPvEot,romantic
06RYQJ7vyC3qyKmH6I6cev,romantic
2bO3U0Ez4tZPmXjIwbgqQO,romantic
3Zf0BzU8CPFyyGAXtoSf5p,romantic
6ep3taUdxboZ7gPENVPnvE,romantic
62zFEHfAYl5kdHYOivj4BC,romantic
4pZc4zC5lAuW7MYD0v5TjH,romantic
4t6qMeHgbxWod2SLokiSQp,romantic
0clSHsrHl2irBkObcLEZqS,romantic
7uGZIgNGAM4y7cyLj9SPlw,romantic
6bRkfMDh797c5y6hFnHldf,romantic
7mTs6z6TUVQvpRGJvvYoci,romantic
5y2ijHECwFYWqcAHKTZgzD,romantic
2Y26NytzZ2YqPiTYgoxUp2,romantic
1mOwVgwbD4HWrATknEbCMP,romantic
6LOWjxpQsB52YHtyA3piVd,romantic
0MJ5wKsPEeihONNfugHGy7,romantic
2kTzTs8tbJgkYAKzHG8szb,romantic
6EsrhNBabm9LyIBrVl157g,romantic
02VomyV2YmyAn5xR0v5X5w,romantic
77LqbE0fAdzRmEU1WBCEG7,romantic
6MJKEl0VVhW37OZMtt1RCo,romantic
5TKoPn1ZEMXXrypzUFUFqr,romantic
7zpbCc8Ktav95JqFb5sp8K,romantic
3c160gZLsZidFvbWd2IC77,romantic
6qKXpORfaUrNZGZvLEEhFU,romantic
5J4ZkQpzMUFojo1CtAZYpn,romantic
3FJJX5frF4WAoL8Lges38W,romantic
4iE0dngA27JH8ibIx9uZ4o,romantic
6Ps2nryJgGqtYXbsHfjmfP,romantic
16vYK9Ihd2J0xcOzg0e1ZE,romantic
4pvQuMznanQIoAVshVwxLc,romantic
5fOVMoVPJPnQPnwUsFrZ7m,romantic
5cdkA9BTE7EtIvpQ1k8SKg,romantic
3G66BTLDPQNrhtsEC1Slmj,romantic
7bZFD9iGsaPJUfSSXBM1rw,romantic
6dBUzqjtbnIa1TwYbyw5CM,romantic
2mSx4xAC7WjFBLYpYBu7Ns,romantic
64KRxmbqypPBlya4nxFmDn,romantic
31jZYFQEtq0ud5y9fDN4cw,romantic
3MxbRHE1u74SoMNR9iURIZ,romantic
405ngmdGB9vRIoZHp0urfq,romantic
5h9hkYIBWTZYFRmF6Iz1gt,romantic
1DtdSQkTdrKaDvvYkZCen3,romantic
61rwYQu9An4QWrcCUyFUyq,romantic
3GXcbReRMCVklv47oA0dwq,romantic
0C9B7SpULk3KlkOz3MhTEb,romantic
1iyvJRxIUvHb6lF0yjxJwD,romantic
1T7YekLNj1L1Q1XedsQQxi,romantic
21yCOhgaDMc0KEtxhZHTbI,romantic
5xA5MggKc3aQxuOzNzPUWB,romantic
7M3EjxavHqohqBcqbvaFWA,romantic
5Xef2VIPCHT6UOpF508Ail,romantic
3nGm6agHE598KavgIyATy7,romantic
6J4grZfhzrtjav3EwSmY2t,romantic
1FWoak0OgTq1jrYfRKfXsj,romantic
7tx1TUJrT6qxXFXAELqbev,romantic
6ejNXSDsOYMkCyWIFW6Zsv,romantic
07HXcQBipl3N9BPBKbtQrq,romantic
0JWkz5iQrSYFslFUnkP5Td,romantic
21NUl3meH7i3pzf74Km4Fh,romantic
0D57lQnn110jGaup4NguSI,romantic
1INSWMYtmspMiOxhqid5Z3,romantic
1JdQibdvxgcrB8Rv1KFndw,romantic
0lLHGW2cKo5BWDnvSYt0Dt,romantic
2NO4CA2TFvhGeg7XMz8PmT,romantic
41TEmvjV1bcjbnQ80UqtIq,romantic
0Xb1bh8itFrURunCuK41Zo,romantic
1175r6ZmkUjX8dRJLz9Ohk,romantic
1GMufNnkKAnPLnqKJ5HHxW,romantic
10nQD4v1xirSaS4Zl8BRFX,romantic
4vKmiTm3DeZjBcqmfECVb2,romantic
66tlRqExpkn4kRyuxelzs5,romantic
2Z7FT1lDIAwdAtoQNHNWxB,romantic
3Hv32bmnabVhOMkbxI7kLb,romantic
7jlPfhpd0tVCeaqBtmwFOA,romantic
2f0Q46mx44CJyZfab01J12,romantic
7jDkXQHnExBH1lJd6cEi3A,romantic
5F969cw56Jg4D7aOlmfV7t,romantic
7nGuT0EfqQ1TXcADEKwB6Q,romantic
3l6d8dxIzl47flROA7KglW,romantic
3q8RWkQsbXcMULHhCySGrp,romantic
1c3q6ie3uWznQ8hgcQrtYb,romantic
7r4swzUbxLnwwdZDWIweEo,romantic
5rKhTDhHe2vCklFWRfNEGL,romantic
0QswMi0SwOE9QonteNYiTU,romantic
4S4QJfBGGrC8jRIjJHf1Ka,romantic
7fxKG9pjpAsxqX2vHbp9DN,romantic
0OCRwXbQRdOZ1OtB4Imsp1,romantic
092J7tpoKt8fMBpSmGLPJs,romantic
00EsQu3vriau5a9df7mrS5,romantic
1ucGAtXZNRxuc1feYXjbYe,romantic
1B9RJfmXmxcKqqF91hbjoO,romantic
2xPQFcOz8SW68cJNxvg3LY,romantic
1MEAynRPF5uWBfdJfhomiK,romantic
293WNf3Q6jJ1JWUHKb0kaN,romantic
7twsd0lwXyy0ARdsTyzHoJ,romantic
3RC2Isz4wI3zQpgYaOUxV3,romantic
2x3mwb96B6TquRqMtbxUE1,romantic
3JVTsvTldB6arHVlmxmTnM,romantic
6f68Ac5tt5BQOpwr0BV9oN,romantic
0lnpnsrVaW9elGgRxpDCgE,romantic
64HTw2KHG6dalvvgQnoUjH,romantic
7aeW63nRdxFXgmSfpuDVlo,romantic
2w7SRVzxVp6Re0DdRjASJJ,romantic
0WeNEu8PyvtPhuYdFsG0dp,romantic
3fuyYaLhZ2RoP9eWpvfP1H,romantic
0QQmAKKR7syk6DbrKbbpuL,romantic
7K1BLb6MpvKuGEPpHw35mO,romantic
7uUuftbcr94tzGOCJSM25u,romantic
6upjjutOylMAOQWBnPXYXT,romantic
3qunEhwRLTPD5hSuvmCkID,romantic
5Trf2Y7tyczTziM1KZwTWv,romantic
6HLPgLz6goPAg4kjp6knQb,romantic
6kRA19rpRD1bdTX5abxJpk,romantic
4eFV1LfWlYCVJnPTuSo3db,romantic
7EAMXbLcL0qXmciM5SwMh2,romantic
68RIahPYGPn1QZETDHtiNh,romantic
2CKiF2wXdbjyxps4WiDwtF,romantic
1vZcm2oMfUBQypCPKM8wMM,romantic
29h4Cdrw8GfGMLuJxF6rN1,romantic
0k6NaU53egYXpb5wtddwMU,romantic
6zIPYegPa2cIvKmavzdtk5,romantic
583T9jmUm8CbL3FZaItOen,romantic
3vViiiCepqGbdOanBMOgmI,romantic
1ue2ct07yki62clN4KuthS,romantic
6mxKWahJzbv7SVF8nkZwLT,romantic
5sbfWeOSosqHJqaTI5dlb7,romantic
7fNr8S80vvOJtr0G186BBh,romantic
3ozxltWRX58CbnS129EbDk,romantic
3YOigAKOgFTQuLjF9MBmd3,romantic
4YBnKuvLP4avqzga19k9OT,romantic
4GbC8vjRxlWjKEMaqxRdBc,romantic
4RWXbqQEQ4SCVNkRDvj4YL,romantic
6FO0Pzjv38H1TpVBKnwG4l,romantic
6IPwKM3fUUzlElbvKw2sKl,romantic
5fI0JERjR9jDo8JFLS2KyI,romantic
2Xr1dTzJee307rmrkt8c0g,romantic
3IGku6z2IHTpgKk3VTRxxs,romantic
3oNQ6NkihVzQkV5qhk2Pbe,romantic
0b2MMCdXkNWVM5Z3lCQkdt,romantic
1o6XKtKW8tE46ih68a3gtS,romantic
5liaFrDdoINOvJ4B8WDPa1,romantic
1OVk0oZVBiwX3JHCxVkpeG,romantic
5Fv5Aly4eYJRB05TlfPHp2,romantic
77RvUHyV6dKacfOGDR8A75,romantic
2rbDhOo9Fh61Bbu23T2qCk,romantic
58wryQxf5Po2w2EI4oiud7,romantic
6f2gbJrB51jutWbD5klws3,romantic
6lkomnAJDStY4QA52woLl7,romantic
4tMVgNhHAj0b743NZ2640Q,romantic
4bjoVRm95e6ZiysKZMGImq,romantic
5yNB5nPXblrSwtS9d0ssAU,romantic
1p6PPRNOGrWm316KAwAKJ7,romantic
4Bh83s84d9YUiuLzeuF24N,romantic
3xQHEb5UNyVXIl6T46NptY,romantic
1sVBT215CDmVJvfy1E2OCU,romantic
0NJA7h3UQdu2UH6SQh1ODs,romantic
5LBLbwQFpoZf79FZ7vkv8T,romantic
6GoZgHoazlX5fBBDrQSXXr,romantic
1GwR7OlGlXGRWhqJJdytHt,romantic
3qrHTum1iqRBRAQwzqOn07,romantic
1xWH7lhR9YSWRyhKgvARfv,romantic
6D94p9ASguBcYlDC0o56vx,romantic
7wAJfa8XOZmtCWrsxzE88T,romantic
3JtVOqRMgfMNDL7r2NFkYz,romantic
1pKO3nzDM1z5lrg2OWpOfq,romantic
3dnoe46WqXBkMMG7oGLv2a,romantic
6083iANtBIpC2NK0a0BnBx,romantic
7yqm2tKFUpRam17kQG2tus,romantic
6heT4iobgbs6RSYnen31L6,romantic
4DwKHvk3O08CXAq2swFumz,romantic
4fC4K8FSxhHV7WjkbHM0Wo,romantic
2AvMA7gOOhQpDDUjBs89ap,romantic
0qC69iT53jRAnSeTI7Zi3Q,romantic
4MD8EiEtCS06FvIbldzmjO,romantic
5DSWyqcnLdNy9PF1yK0NVF,romantic
3uKx76izrmlen74pSfR65T,romantic
2mgYlF2njuX1Ao6fwed52I,romantic
5lg33MHs1BoUtJVClw8ZpI,romantic
3E3SMSm6FMRA9gkpaFRFrC,romantic
26v1sP20ysl7cZIUsyiAPC,romantic
0TsjQ2SbnDUOK0joHMsZMA,romantic
39w632qNLupuM7uqqVmtks,romantic
1Sg5nkXPZkSwLSsiGpVvIj,romantic
1WKafez8TM4dVYlSsxi6dS,romantic
6YzbxqNQ4bJgQkgU0klnG2,romantic
1JO7mPXRPh4ExKDqSmNuRi,romantic
1jsmYUxULiJm3hQ1UOCA4a,romantic
6sA1rk1FILT7DhnrQcD5AA,romantic
2N0SPREDYqILVEFSsWF5N5,romantic
3DXJFcOvoSVCZQ6bLAUzmd,romantic
1YYGobaxPu9TA76CsCJWki,romantic
0g4fzRkbLeCDUCoe5iUOcf,romantic
0SyhLnsugs5AO2LmzBsgqk,romantic
7zf3hNUPlxVkfR6wdAp8mb,romantic
1RsfHx2swzYsgxKUaLj6He,romantic
7wZUrN8oemZfsEd1CGkbXE,romantic
39J2ievGlF1UmLeqjDr8Fb,romantic
6wtB6R3BCyYWATqr5G07VB,romantic
7tUw8Zf8a0OcCzU1MwZHOY,romantic
0LuyoQtrplnft7hoVf35QE,romantic
4HjhwkYTcGC8VS7umWC6vP,romantic
2ixx0wSN9efVLFq0gbR3a5,romantic
2Q3FtnsddWbcf1FHIeR9Nt,romantic
5Pp5OJCevvVjGFhJpMtgib,romantic
76863BhUI5LIGy6Lv1C3tq,romantic
3wBeIjb0vtiTwIQPce2stZ,romantic
3MaLmGqruoRW8kr1qWB9Js,romantic
523iOSL6R2OomhVMGcfxdy,romantic
4Pu7jl8RW5pX8uN7EZM9hL,romantic
7lsUqpco8LB7sP0GisVDGM,romantic
0laYHRpNTS6i8FXdupHkJ4,romantic
0PV4VQCmE6Ujssr1bnswdF,romantic
3aI4n3KHtrQ2MDeGmXhgWt,romantic
59hjEv6vcE7ytQZgRLt51Y,romantic
1FqasG1vRaeT0QlAySFq5N,romantic
2K6ysdzNIBll0iIheIuM0K,romantic
6hBe1RCMVQK5AqSfxn5Sjl,romantic
4P8t48ZG1miuAzz16QqSf4,romantic
1WWCpeMyByhHYM2K9atukB,romantic
2gdwaznV8yFi6jGk6rgMDh,romantic
4fwz7i4647BdFCnkqeOF24,romantic
1H3MTQPfTDqY2CxPFDWvZr,romantic
7aJDtyNcnlx8a1P60uqmNn,romantic
5bHM0qLsRvQ4KOQSRbj13T,romantic
5IJmNplOKRO38slh6QRVEY,romantic
2vps4VuZkt2KuNLEVyILGl,romantic
3d3ELsqKlQ7WA0a10Isu3l,romantic
25KRTLHMWdsxWLjQVDtMzY,romantic
2kB735VtOkPVJOQF03tk4s,romantic
0bHgI6i2tw9mrYQVTFnpuA,romantic
6zrsmzrMoxNkXEQLubCWtA,romantic
7mbmskfYl2XL32ojh4pGfn,romantic
0wBXJiZbbWDzsoZRtQaUGD,romantic
11jjkPgPsasN1gVgVcqUS2,romantic
0wHxD9Aq67t0kBQjIIo6u3,romantic
08S65H1xYTtqD05RvObxJ8,romantic
3RwfcCtk5dKkXSPqsdJGfS,romantic
3XhW2hKMQSP4FPkY8P9LyS,romantic
2ywFRTaT45Obz2eJXnDNqA,romantic
2r5UxY0xbZeESeGiDEuPYy,romantic
1AGYWoWugOiOwKBNbspBWk,romantic
4OYR9QNyTOYOZdjenJ0yhC,romantic
5xwBIieMMFUmLDgvG4DjFe,romantic
5oLLC1Enkdr3TB03wFHFx0,romantic
7K1yMkQqA9ZxHfa2y4XsY6,romantic
3Cazj2KBAyR3g2ld8goPRN,romantic
48zEVGb7dEOitrhsWkLSMN,romantic
1imMjt1YGNebtrtTAprKV7,romantic
1eZyd1mtOmlQu3YhSYmes7,romantic
3i9UVldZOE0aD0JnyfAZZ0,romantic
7kB0RUekEcP3fGyrBeKOhN,romantic
7MO3kBqjBEtZyU5XEwrNnI,romantic
165bsbVf8eUJJxuugoL3L6,romantic
66xt84UAsGWHhwMrWeiKiu,romantic
1DqvhiC0j8tpioEATbsWq2,romantic
6igvVUoaXpWsRjd4xiDixU,romantic
3SRjttWCWcb3753jR0QKKB,romantic
1awisUIi0DGYiyAUmvSL89,romantic
2cTOweCQlFbxNS6DPa8Vwu,romantic
5CiAH0Ty0YwKyfUcDBk9yA,romantic
0EJHhccadE8UvdZ5wGI1SN,romantic
71pFw48rIGZRAMbtWbA2XJ,romantic
5AfhYQGNmrRlB2Wd9Iy0q2,romantic
331SqxaaSQpnv0VT8SCmvB,romantic
63ZKJhZSt3jegkWVgaBJq6,romantic
0JdXvigIxgbBh4r6oHEPBh,romantic
0wUB0w6d8eWcreo4G9jTLl,romantic
5WvKzFu7gxVCMZHdjPufXI,romantic
3ORvLADJRiPm52j7cAbQcv,romantic
7aSjHRghkEMV4oE0FXqP3V,romantic
3G7MgLuWLzUJQflWOCDZit,romantic
6yfGer1TKpxOjhSd5eL0DL,romantic
6rIsZ4WR4aENaUXOcLEfR0,romantic
7ARzCVcldxaZ9mmFoxyUhV,romantic
3uBw10GPSNJPIECbOeQ1y6,romantic
4UG2Fm0E98LhE2dlNxiAXx,romantic
0aaZg5sPwm9BCdrpBst8iB,romantic
51xSYMrz4HjvZsI371z63j,romantic
2Q21kSWWasNnpGTHfJYl1C,romantic
3iBgrkexCzVuPy4O9vx7Mf,romantic
32NvBSEZbi7fOPRH2CyunX,romantic
4ROdFnoZNn2RTmwct0cVpx,romantic
51UeIQiwV6YqHUpjvY4vVi,romantic
0A1SkCsxR7FCYTI8xbxvrc,romantic
2ivmqDC42nYt99xz4bCcyz,romantic
5s6hO8Bf5uXnd9pIeHJpB4,romantic
1bS0qIlvCPsu5Nw4f954ft,romantic
62csNyuS9CldyRdA7sOSI8,romantic
6CfWiCKBxbvL6bNnWQl8bV,romantic
3Ac4AjYkqsvop2ydbSAhTX,romantic
07bZmrmbva06I7ML5iyNe8,romantic
6WNGKfSswVl1yxIyKPVpbU,romantic
0yB4jrSwN0bFtFRDR5vyMj,romantic
6dWilYAxP2aJbTTt0UsatK,romantic
0xFdeA3o3NFgV8HihI4b2j,romantic
6YnOlGFTJfUE5WqRNpwmO7,romantic
2TCmcBRNdgEoKazytLjXbC,romantic
4hLJP370YkD0WdOOmSPwHT,romantic
2mElFGDLWCZnuyHt6APKdl,romantic
3hxpEr7BsPJPLSVCDWVnbE,romantic
6L2uVVPJA9WcDc7zCZ4DHN,romantic
2UbB95KqBtsPOm7cFH2yXo,romantic
6H9yT5dOyOrB1ghEExNccp,sad
7LpMG3AEaIJgs62HQhAa91,sad
1gO1waVzUcAPbEg8RLoIPC,sad
5vNKXk03C6YSUzMe4xSRHv,sad
5xaVnVNjz7KpmnYYEBrUmc,sad
7p5AWbwjfS11BENUXOTV4j,sad
10LStECESBaTaozSt8epq5,sad
1zfH1tkEQ4qSw6b6aobqId,sad
00IFkjBC1qLK9vZKsnWL3x,sad
7xPOV2FPzi7zaYBZnQytOW,sad
1jS377nrodEeLBBIYWyLr8,sad
03mS4qBR3DqEWRZzvXc19t,sad
5uZSNc8DB0JWiVIsdRp7bO,sad
6k8jlEH1WssLwzXHfZGq3j,sad
5fep6DDWjXHnf2KaJzvKCj,sad
5p83W9aeMCCDanRWC9FMCS,sad
78x35XU2aVHbkG6EIFX3pf,sad
3YF93FA95nFatWDNtvZhrF,sad
29CjkGjZnDVdJsfbRoNOGJ,sad
3uJT7OKf3Swl0SbfNzaZgC,sad
6pMmH3e5fRkUfergxV6SPT,sad
3NLnwwAQbbFKcEcV8hDItk,sad
7A4qdcD0aeQTWXgy5JWgl2,sad
1uIFb043t2AIqYQsDNDBCn,sad
03r28LmJDw5m7rH4rhSbZx,sad
2DGRSusMxzzNRHud8y2l8U,sad
37F0uwRSrdzkBiuj0D5UHI,sad
3oM8s8hnrh6xjKv1iycJaZ,sad
5eG7Ow1ozFYjsz1xF5CKy0,sad
61W7lyBIuBvIHdYcOImJ6k,sad
1UpXhetX1s5OXTY5fRjWvu,sad
1DeQKu7cQeD3lDVsDkU428,sad
3GJ1pc2JsJlZ0kBjblaIyk,sad
3aORpgkK0X2LgcqTlfKk92,sad
2ZsMlcBDPLBDh3Hm8b5L6x,sad
0LqKzCc6AT3oXaV8yVvamZ,sad
00dk3LhW5cRGwMG3sBJrqE,sad
3hw69lFTH8e9q6syHu6HGw,sad
7hDVYcQq6MxkdJGweuCtl9,sad
7ozm2Y4c1vpGIIMokOPgEj,sad
2JY19ZvSL2p5BzV4kEZfYp,sad
1RBVJWJQUkicTRX7NurCAq,sad
3xvuR15lzn3zu9RWJj2tvg,sad
5DQU4Fmdx7Hs7pwtcZMSTK,sad
6IUasdVWZ1woyE2udfODy5,sad
3y8zXMcu63Iz8IHbXXt2OV,sad
0wyJameKJn2zB3FThQxPUH,sad
5m6zwRNUPRj5csVqZSjEo3,sad
54XJti7R4irhBvF1PLNnjL,sad
5K3OrCaLUmVVtkCty1AbXU,sad
0YQdlIlAGnMQjVNZUJ8m5W,sad
3XRfqUV6PHVdtwpj9vfmrY,sad
505ycA5sJp8IVqbIEO9o6F,sad
1T8MGdN7daaYVbVMBC6wWe,sad
1OdvKyTexzm8ZEmdCxhGsX,sad
0iVMz3Lj8KDxkbFNftvoMc,sad
4QDXcKiZtYHdCuAscDYx4s,sad
6YzeCJSUfNJaF0XpCCVxz1,sad
3vM7A4S4QKlgnk29xhnARa,sad
0hydkxn9o8TjMpNFSP7j4E,sad
72K0f6aGlyjMK6VpxNkXCb,sad
5y2gwnXH2JirOgRioCukgk,sad
50yXFsDXDziycu8w6jyftV,sad
2mtnEZIhYlHCQvEknZSlZS,sad
0J0kUS8eGsDnR8cwL1g47l,sad
4Rp6bCHU1sSmtBcazumQqm,sad
2AVyJuPDnVJptJmMkRfQE8,sad
4fYAzEWEInXi2MlPo2Zyya,sad
3Rfre3qkrhwdZZ7dyznwbN,sad
6ofrP1AqJbDg5T3NKxcKlG,sad
6eysfHhGmjPoND5cOKmiWG,sad
5UB6LvRHEYsdZzkchr8bbY,sad
4hY589tgGDeVjIz0UrUPdU,sad
7xip47PHoM8LEV0pBfjBpH,sad
0RoA7ObU6phWpqhlC9zH4Z,sad
47k2UiMiHupNIqCj6fw2y2,sad
3hB3CHYigMNdi6helNraJO,sad
7wTIo4dzgEPO7tOq957APZ,sad
54i2RkehyMqdK1631Adpsu,sad
7A4Vo39I9jTC8adK43ZE5W,sad
38ytN7iV5NGfbUpUldbPXE,sad
0qSnORtqjEXLFKKKSy9WMc,sad
5m7HddDsepIpJnoQtZeCXs,sad
6ngGiVX91DRmGDH4G5EgeO,sad
6xKKZ9fALal01gzmxFxWUi,sad
1XeMm4XLRrVGLvNWEGUrBX,sad
4UnjnE6CTNjQk7xgUMPFL2,sad
1RfA60GyVrkHTStCoa2Vcn,sad
1oB5Rmifl0T4klX4SI3ruA,sad
2NFVo7tXuhqEzwbd1s9BLp,sad
4t1fWWJQs5V9YErfsrDslC,sad
5byZow461BcodaixFSMlaY,sad
3Z4WBD0GDUyGSIEk4OtVni,sad
0Wwxa0Ol9u7ZPsPpHeeQxR,sad
3kd81MZmZyM3FM5yQT1A3J,sad
4ODUXW6HXDdiSmFVzjeKGE,sad
1F6PC6EgbgsUGAfs7IAvLi,sad
4xxPPgpaISmTRc0NyrXgDX,sad
6icXrsL1A2LNH4of9Vezx9,sad
5GNuzi2mSkuuOCrCjLSoWF,sad
1eEEhGB3GxyVS8D8s3VhKd,sad
3QE2QILtex7klQNA6lPysv,sad
2FYaCjssK3ckFDVl7Xa2jh,sad
4imbdF3mfi8dejtOqG3r1L,sad
2vy9Ry1TNjCD85TiCbTz0r,sad
2Zsm3rhbTXnE8HIX9DrGsb,sad
04saOuIMheHpTWmNyjKOLK,sad
7MdNBB9xdrrocg9D4Mh70w,sad
7i72Q9JDEKHqzny0N6nhtr,sad
4i5SkgQm9dZtQbwofgmvh3,sad
52vHgE4QfUoEyn8h3IqT7T,sad
1fi9sxI3Mo436BzwyQBh4i,sad
7tq1DftvjIFXRxGXQOdO3O,sad
1yrCGfncgyTYZZ42h9bAYc,sad
54PfFfe1TqscAv5FQ49xsk,sad
4re5emsEmG6604kBIODso0,sad
3zgQkq0aofXHaaBoA2QKjd,sad
58ZPzwfyTiaBHwwNEZkyhb,sad
0tBWrRFIgxRwe0rr9bcSRf,sad
40asHecynJF4GFjH7yRhHn,sad
6nTHqE524R5sbX4bfWHJPE,sad
1AnbGt5xm0XEgL79aEpgtr,sad
0qQMpMXDrbnXO2pePD8xrR,sad
4g8I9Bk0qHBNjd0Xgko1vE,sad
04B2PRtE2tDeSTQzcoRdos,sad
5nZaaqdQdtLnYMNmVOqnPe,sad
23OXoCwpfJuzDpIFJndJMg,sad
4IQV5pH6PvjjzRkLg45TEJ,sad
6gAhuDvn8Ef6P710UMze9W,sad
6wY6dBNx9bRgnlBRBzpYzf,sad
2sLhOOGQXJ1KuQ60ZCw22b,sad
1ltA0zdspPWvoWlqft2Pz0,sad
6iq9VcL6IBrAWxgpKPXQqG,sad
4zGZv4JlihQ2mkgmrKQOIa,sad
6CZ1VcMJTZ4QFJJgq0Gcag,sad
3ucZEQOB9OM1oC8FREGXh5,sad
0iQyVnSAL6HujTXEiAgEEq,sad
5UYpGg4SWaavBJ0kXOKNJx,sad
5jyrtNJBcaFkNyS4yPixkI,sad
6gyLZ1aoAiQ2lAlIhPvSs3,sad
5IsNCJCbYz4X8HRa5UOpCD,sad
42ZwByihrOkYiqImYN4UCB,sad
7tA2yJHI46hAbu4rGU5fmD,sad
2GCKWEsbb0Xo1oodTOKVi1,sad
1SzTRLHvMJPR4KCVOnQdpw,sad
2nq0tAWBXFpMyZ8wxc0k7H,sad
76uWZYQ8ifL8fAq7byloD2,sad
40PRJalUrrLf0ISJvqpnOP,sad
4OQE489ScQdhBcELfacJw0,sad
1hMohty3q2AFVENJqWRrSS,sad
0pvk8eQtk72E0aXW1XAaXN,sad
0h5LZwSFRlaAmbfAvBgNGD,sad
0rIrIUpcd1FFRSEwQGk1Cs,sad
0xBWwT0rCHNuThhsUQevYW,sad
5DrsJFu6xuC7ZwFgUKExq5,sad
4a2GXL8aiM5ErfWlxjH1XO,sad
1TtAEAPFGHZKRPXwljgwrX,sad
15KDKQ4OMm6a3njgDsTa5z,sad
4duJFhaGEHXhSkzC1yX0gP,sad
5VIhMGnlcQe5ItUsuGXVa2,sad
2J6OF7CkpdQGSfm1wdclqn,sad
1B04mWViAk7jcLEifYbvdi,sad
6I6RagEwuYPuolGQC6ZWsN,sad
2IIINgshwzKYVTJioZOZBh,sad
52FZW6u4BM9e1Kh4bewek3,sad
45TvDMUn8Cpxe38b28VFzR,sad
3ZgJMaTxItuZwHbePsyRUu,sad
4DNyHqX6BzZ55vSwgW8xQ3,sad
4JYBK7wm8UJdOp7DcvAFY1,sad
0VWHhUe3OxsnLDFnMMhjJM,sad
2UHv6ccJEtPQOlDVRMoHj2,sad
7aELHm28pobrp3RyazUjmw,sad
24Sqz5FNuD6D5Utxeg4DmK,sad
5K3hV5FPkbKStzuk9yYczr,sad
4zlg1Jez1BQTCEQaxWAmaq,sad
5EmcZaEDX7da0wWxklX71m,sad
2GRx87J8I6YKIPgfKhiRTS,sad
1Na5nChvRCSrXvaiFWexZD,sad
5iC7FWLjwoQkiLrB2ogP3S,sad
6ucIl7rqU3NECFkiJq5XJp,sad
4fuFDRwSnpcU7xfeSrZHrr,sad
5WbefSvgWnpw7vNanbkGQ2,sad
2r0PEKFF0YpBAOqkerm0Vv,sad
0daNQbZEwK7cFugMUgN6xq,sad
42BJBRkQAYATrJkZivE8A0,sad
6L72mghfasg2v85QYwS6tI,sad
4i7uUJof1Ih3Zfz87xTTDL,sad
7K2RJVBlVuFZV5KVIYtxEi,sad
4qmXEcD4NJ1fxPn5HDCDou,sad
69UaNEIdAZYPA2EJ79aiER,sad
6GQWRm03qXuKphSvoiMQzV,sad
3ssrhnGBzysMW1aMPqqNfr,sad
7virmTW2kI1h1mRVwoIcNX,sad
0USmt3XqoYJMssNex9gxAR,sad
5J6nCvlUMWEQFBkKwsBhDq,sad
2nb4M59OpHamGVOdXzJUEq,sad
6zTWPTi15Ee4FJbNSFv0xB,sad
7IcZfpuh5nSRZPzi7Z9rx2,sad
1l8A2GNOK2IqUxFy7QlUmK,sad
7KzBDJLtcSwUbRqYWVG9cq,sad
27mPguRzG1OcY4U69h1HJd,sad
3rSDDS9aOdU04OM5kJaept,sad
5Dls5rzXZjfW0hu3kXKL69,sad
2nXBiGabInprZHeR9bjnjt,sad
4V1TOoANnpTNEXaDH95MKe,sad
6IHeZuoa31bG7wQ0ix0hYc,sad
3UIgWCsYO0rXEo4uY7cpIR,sad
6tOvS3aX1gI5iUfMoZmApu,sad
5fmyW3X3kncOOVlmcWhORH,sad
66IAE4BNreynSAa0D491BF,sad
3eFndI5gTDMPwrARKgYZnz,sad
5XsrqG4CGCb6YIv9K2zPwp,sad
5Iqw3KNZYs88Lwz8kM7Aqt,sad
0oiIV1dcO20qUPedCVQNvN,sad
69A6Q2SFPKaNYpe1hn5hfi,sad
31RnoCo3trLAMn3nNlBWXr,sad
3BwkRaUtC6CIkeUgu3YGVG,sad
4H5BRZr83FqY0Pz3TobQwe,sad
3uh5MMAvEvTukWDYtHHt9S,sad
6pLvwBe7zwKsiD34dJtkzL,sad
33UFL0xXsNXQwDGTemuB3x,sad
0tLVtgbuaGPJNcIlLSI4PY,sad
1HWzEgkpg2SoPgeo5hNqz1,sad
0AJBzTQCBvXJlWuOneZklf,sad
46pSXR5Nh63CXH18AS9p9e,sad
6O4ZP9qTO6zDaqS7VHdKCk,sad
5IRJQtjIAdzbwTmsSMdaRY,sad
3vwpEjT5ATg7PQVnk2ZhHU,sad
19bnWeVtSZmlX4lcGLg2TK,sad
3eXO12lod8esYFLjabkzsd,sad
5r23t9bmZYsU5WL9rlnuBU,sad
0C8niRlJjYpC8P7uQTS9Wy,sad
7htB7Cbdgy5bQ8axil7HhM,sad
1rFSpfqtbR5jfwF7z4exIL,sad
5kmRAtRUsr0ITH3cFhrwtu,sad
4NMttRAB70rWHrDSzPsgCp,sad
2EB15Uj7yNkigMjuuU81H9,sad
6CxefbVOD1MSP9sJnrvX10,sad
7DILvSp9X2RYZ9yduh1omU,sad
4vzXQKpUyiIo2FB9qFAnLv,sad
7uFVzLYegYP5QapmGoj1YY,sad
166mipgisSBcPG7pK2L84K,sad
7FoHhPDO5bwfO07Yd704qH,sad
6uvwNFq7ip9kwIUivHeif2,sad
2jBt7c8o1dDuyIIgepcNsz,sad
5aC2lBQ7X2uEqUIGKwPjDc,sad
3EMQeu65z8Syt10BIKe3Tt,sad
6N5e8pRWYHK0pibyA1kzWJ,sad
7dCzejOxVMzgTwBFRNEoAO,sad
11dxtPJKR4E0wlSr0A0t47,sad
2gkaXLu4G1Qz0xq103xSOC,sad
1SrXnItSIVafJWphn32cwE,sad
4RNbGjdHSbKhyz2iHfdhL5,sad
71wQ2sPLikCxc4rONG8JPU,sad
2VEuh1fQ5MS9EF93gTdrDK,sad
0TvFEvuJJtOgCldWnvdT3p,sad
5GQqp24qVLaCWzxa6de1AE,sad
5UHEptEHQjdRYew2LwrLHw,sad
5ggOAMsJCAYDHnyoqJ0xAD,sad
3NjPuGxXl5eJFTLV3Xid6b,sad
5euzoEwl747pLtwP5ss6Rc,sad
64QwTUTHggCwsNKdvPewP2,sad
5QeQJkSyEMGSEDsWVrGDof,sad
0oeOklFSqtLYTwrnJwdffA,sad
3taKLzKldi4LGzlO2RDs7P,sad
25ujeTA1Ma2rYzxr7ozdrP,sad
1ctGc5xKaQmuD2XWh8qkIV,sad
3ACMpjnR7ee9PObp6KRZSP,sad
6oofvZ4K8vBHnCT1oKERcd,sad
4SqWKzw0CbA05TGszDgMlc,sad
1v7nXHA8FvOmgp4UHOkIvE,sad
1sNp0dhI8kFfosF7ZCXsxK,sad
6jl3xZiYKxW8bNdcnswqs6,sad
5GbiBbGlpojkYpLYYqfBLc,sad
3lHK21L8Kf4Ajdwhjh0zDm,sad
4UPQiDmYScn2C6S2C2WATY,sad
57pH0Ft6HgmoDSutPjO4Zm,sad
3INPEyKw1nVft467ejF7dp,sad
1ucnuV88gFTfR3BalmznDk,sad
2wubmlyEIfnYiP6AeR6Zno,sad
1zbcFS5hS92oXNL3UZDfY0,sad
3MkaOlAFU73Oo5QRb7Q0By,sad
2tuXjPBkc8DoI7Q0gJ3g9W,sad
3by1DMS8EgOq32EiVERWa0,sad
0UsceB2gP0BSzu6jTK0bZS,sad
0v0TVBL2TaqJMvijWKRmE7,sad
3f8AdbPkm4fBwGtHXbbIsm,sad
3Ackcy3c62KnUF1DwjEWIE,sad
3LZEUa3LRJd17yzwqiq8mN,sad
7sTxYJIgtwRcGxFrVj04AW,sad
3A4cpTBPaIQdtPFb5JxtaX,sad
5kJMW3pK49PvQDtpVryHf5,sad
1JhP1YWvnr9XqGBj1JSDJ8,sad
0Y2QAFRdkzrNAJDPJ5lATF,sad
4uTeAvKMQMqgIneew9Ic7X,sad
2ZL7WZcjuYKi1KUDtp4kCC,sad
6MDCxg1nfAsABJ8mXjXp13,sad
1CpPVYAuppdez9WzA8XrWH,sad
7FMQXl2hVw2ywaIqYEUxhX,sad
22Iz76pF0895W7y1c9pEhk,sad
3gM04ju6IpdlcAOFhHYYdJ,sad
6BkK5Dsu1kTne7Cn6EyYex,sad
5HMdONjExPuTaYn20v8PEJ,sad
3Cxa84zfLuXLH8gdkgssmY,sad
6wVkpqJ7ZqtmVOhGjcjIvG,sad
66PR4oKTs0peUKyRQcPtJ9,sad
3XIkR1GUqfvA1vPhYWWSaU,sad
7Ay67RFp7JwgPjs2xczyFI,sad
3hZO8rOI43qpcaNy8RU0JM,sad
4vhoTOwBQhw8arTjWBQwFM,sad
40DQENMTVU8Sv22f9KE98Q,sad
2RV9T2HG6E0B0n5xHw3L3a,sad
3OiJloub0OsUq97ThX55lB,sad
4rVkFPXdU6uMRhh55Q7UoX,sad
1UaHt8XVYOmbvc8MEiVdfI,sad
2OJr1iGp0BpkSkk3K07L25,sad
6kfNWgWkfreeFSLK5buR69,sad
6Rl8pendvRh7ZevkWI3aFV,sad
47jhKD8sm2I3Aoktj4G5J8,sad
2W7r2beUKzLfeQyVua3g2E,sad
2TnkXg954VeklRw0a9BAlD,sad
0JrzLEhlX3bIdxpA3Zq0W8,sad
4l01UrsQtiHRrvJtwTRFyX,sad
7JGeyh3ggodm1Gk4dJVUX0,sad
444gJDPA7uaHFrnuzvAPeP,sad
53qdXiuRiFr7ubXB4S7Ir1,sad
4JtlSNG23w7WbMCekGUJak,sad
3JuPZXdrwlWnVnREdaeZ11,sad
1phSI7mJzqlu2HE6gIwu7I,sad
4I8r5HHEWC6B3b1seFlwjM,sad
1CLmBWrAPdwmqJmFC3acfu,sad
7Cw8WdUomX7tLyl7qw664P,sad
3m6BG6fEgOrF8mpLZnCdPl,sad
0IBucUxGC0Fl4BmIaKk9Dn,sad
3jJoT9BLh9wqNtshMo5pBI,sad
4hvlujjhxIOuCFLYZWZMDb,sad
1loMQScDH6ubn7XQU7jRjC,sad
3I6nh1kPjXA8fWWfa8knZs,sad
09K0szGp6uL4lIl9cAcTAH,sad
3yh1Mv0UoeaxXPOVRxM1Qa,sad
47GTEdE7x1M4S9YbvW94ro,sad
6zZGoAjJeNfhTotSWlgZxR,sad
2t1giIdZBYtrCXIFX3yoal,sad
2FLAvC83qBWeH8LoXLaBkB,sad
2R7zunqGFpAlFbkxazptOJ,sad
3LLAw9lFHwFvcoEXz3y3lF,sad
2mJIM9RhroxF6L6PdBzxWb,sad
3wUnTzcJfPPS6mcfjPPbUh,sad
4rQr3out0d3u9jgfWgnfkA,sad
2YXIXylEr9SMWSXmiqXc1c,sad
2LAgzgp3kmBG6uOqwms3eR,sad
0dJpHC6u2ImKCO16ZTjjZd,sad
16AOZtLZwnm993MAdkt61r,sad
4zXeUu6rVa2xMsq1y1AhyG,sad
5tK3rG1OYoGJwA2YU65X5u,sad
4qVnGlsfTviHt17vGdfOz0,sad
1EigHybWuumJpjqqKYSaDv,sad
1EymTszgKrgywf4yG346Uf,sad
5nm9GyCPUi015rz5VWvW86,sad
2hrmB3IUzLHLv2TDMb5ZEQ,sad
4n5GvONt7Niv5In6awXHR7,sad
2e0FnBjRMF3C0eoHAXdou1,sad
4aHt5tkyVoMonpPGAehUcD,sad
6mZECmlRjf4LO5nqeXRE6g,sad
6KMaYZrHV7GtVkXtNMhLoO,sad
2ha2W6J4r5Ur9vOMFLvyca,sad
1nAkKJFyPmYlzwooFoV1Cd,sad
4K9VOpsts4SyfDI6wFntDx,sad
1FsKDb1kZBY1AwFyckl0lF,sad
5tBP7sZbnIKLPsKIMrHhpa,sad
3LktmuGe0okJsDhPTbUhWY,sad
6DWgf3gY9avulPrGVF4Wdx,sad
4l4lQ07mSwEzL7H0FFcmtC,sad
7K92slGBOtina6Y1oNPye4,sad
0d0ejPPOLE9bE4qSl6BKwC,sad
3Vw4Hu1Mf53A4wrFZBqJ7n,sad
0Bg2rGaRD8yszs2eS7fC1X,sad
1EL9FwTv8fPtcNA6ogftMS,sad
4qJyt9Zdrj936db5COUYfY,sad
5Q7h0RIPjqYFz3RC4rdm4M,sad
2PeIx2PCOjof2uECbeTZeS,sad
6IwnhqeHzW8NjQropy3py5,sad
4EeaSOkxcoO3pWTrLqcDfq,sad
2wjb42vTjFqxHKXgFkos4B,sad
567EwOGPAXg7Y9DQZTEFEE,sad
3SqnwMW6Xcldf9KYgL8UOD,sad
26IS6j8GbCSO5J5Lw5uKuI,sad
7vHbE0wvE0DJTw9cBIYqw1,sad
5ZHDwRnX5AQNNl17qXlHl4,sad
40aGiIqPh8pY0qfGwfJ2PR,sad
7pme6B95kKItToxKNCGIY8,sad
4ghMLxVmO6OkmgikXzdK0G,sad
4Zcy8jtr6zi9s2DeJHA26g,sad
3BITJcEONbojn6i11mNvi3,sad
45tB3ohAQC9Ys9MqyuhT4e,sad
2my6pi0hh4oDuvHOWDtWEL,sad
72FpPKHdUjoZ8ILdsfyDDF,sad
0iS96NTAqI4wis4PQEcouB,sad
5X5ZaC98GNAIhheXTqJhl9,sad
4QrUbszOpmp6ZRA8CjfCJ3,sad
638wUrWxQ1aNOFruuewfQ6,sad
2OSjnBrQQ0CNKxIUM2GQDk,sad
4idilG4qW2BrDvDS23wtPI,sad
2ZMpOq0n124MRPO8vxAgCi,sad
1tb9rozEsIjFO3lKjO6X5e,sad
5iUmhEozLUk1PgvyEZNjAH,sad
2EHa9DGVnFJgHvONz4XULU,sad
6qaxwaisPXX5oJXdO5GJ1g,sad
4kI2USCGp9fMpQ5J9cBe9m,sad
5ivSXeJBt68W6HwFQER9Lf,sad
3lCFDlbDthSbxxs0VP2iui,sad
7HDQKGzNYjCwYCK2l5xuXu,sad
0fnPo6KRaAKod39VQL85aI,sad
4KXjTJG4FBWBfcQmDeASuz,sad
5wj3UMkeRcgF7M9kXlMq1y,sad
42ajbrD1sow2nEGPGxPPRl,sad
2s9qGr4VfLTutxifVGjDDT,sad
0THfladRNQWfvk8crQ9XtO,sad
3fjWT5aAvYOSQR9KFJaSEd,sad
3E2ZAl8ITh3J6chNCoNSbC,sad
7BGptqfqv1iK5zs8zhlXRK,sad
0Tzzq5hXNn62bxxRbcA8X5,sad
3znD2JTezT8ZLkp2pmft2l,sad
3pbyAAhNYIGb2x71J5uDGr,sad
5pnejuUVztufHtMfcULqmK,sad
0yTGQpPOgcsS8Xqp5bQO58,sad
3EXhY99mLlFi1LZrMj2kQN,sad
5sdxgOCIR4w79Yv1EshkHr,sad
4wLJSKfwBPNHZboMdKOIjX,sad
2OSpVfzgDz5O0Vdh9yb1FN,sad
0CUB7s4gCWvR9VSTdWUgFO,sad
5iqOhx5RvoH2oIt5Tu5Vn9,sad
1IvLT9s6uMaC4VT1nereVw,sad
4E7CGI9jbmCdRsquXRJHDf,sad
3TNSVsiFngfe68UJpMq1oS,sad
4UNhyW0R7qylxrF6Z0q2Tb,sad
4LAeAtcbEAFYTRsZRpua6Z,sad
2RiFPO2xWSEOcpAuC5vrm6,sad
5LNxqpta6XhgzQ5qj0Qy86,sad
6Z1IBgysq1FfSzhQWUdvAc,sad
6gvCvPyncsk8jZs0fBJmzj,sad
00Almb97NwRkO1nqjL6dD3,sad
3vg8hHkegIzoYKzLPyKl54,sad
1hSj68ikbTctlVpiCrzadV,sad
7I4XALvCb2VEmOCtGUe5uY,sad
3aikg6JD4GUAYN5Ks1w9oX,sad
3cNlRBl7OoWvB1QXRbpXiM,sad
5yjauNC03GWLf7fLG9ediD,sad
18b6eMeh1ewVoV3umtpC1I,sad
4RfhoHKPeY6fPO1gBwctFf,sad
3m2d5kebcBO3fUYyUgqHmR,sad
1ElmeokIs5A0zaNjGXHzs1,sad
6LnxcWdCdxiQqVAmZmhUCu,sad
1HCdyjZfPeR2uEkAcTZ7ID,sad
12qYO1CWXEFDI6rhHhlqYM,sad
3NgEX748y5wLPAyM9fCWyv,sad
3jbKopp652fVtmRgND2WPH,sad
4NAzS3osyYIfVqlxL3Tk8F,sad
0ZSP6suwld3JRUuCEMcYMf,sad
4s13y1uEQYjrE703DQnB5Q,sad
7rjEqs5co6rP1uK1t6P6hF,sad
2exUl3Ac88nvrGW6hgyJIA,sad
2OtjCacyQrPlwORnE8Js8g,sad
0nn0Z1o1WI01pB7oEPiJeE,sad
1gg6z9XdrdzBJPO9AjHZLC,sad
6fCrOcyd91eETozXp0Qc5g,sad
6cFzYOITenk0ofRypj2Ngu,sad
06PJVFrJwKY8jjS9wnLhul,sad
6lLEN29GhjXkTI6YUsFdMH,sad
4bEcoz1OcfMgUbp2ft8ieQ,sad
2tSge98ws2Pj1lRSCdBHuU,sad
41QKws7NW1o8itZdqUYo2n,sad
4Hip9NMRVD1CZRCg6Cx0hb,sad
3iZxuPnYfU6OQXWKgUODUc,sad
3kdIHn3c5Bfj6qfK6WHfpS,sad
2fhT1nSZkVZoMsGEJsYMNI,sad
64CtqTM73dPqnUaKiT9DSe,sad
0knWH9dMGCJOlbZQY6dQV7,sad
0vAP2xI3WSHZo3L6mBeQrm,sad
0bqQJ1XypPlUvY9su0f8u5,sad
5u1U7DzPiG2el25Njae5Tf,sad
7w3TSOaPMcLCJrAGPDpN7W,sad
0iZgToTIPAHO7uM0LVb3yr,sad
1VHceDW7dBftsCeXOsQF3p,sad
1CyPVGDLhNWUPagsoUssWY,sad
5e3g981eaVhe7hARbuDjLf,sad
4rlYGlTPZJl0KS4m2jPiFx,sad
1xN5lqX3yLeWOPHgEXeiTU,sad
63NEDDp3TSTT64qVlXYnXk,sad
7uulTURh3qtUEUnMNtgcA6,sad
0cBd3mIlosiFhFzOM1dkLh,sad
3QtxxCHsr3qo99WKxBJmlU,sad
0nBwIe8rqx06bWZWlTJrdi,sad
26oITMG7eqPzuZqC1VtNsa,sad
7p1aGjVJWXZ7qAjmdynIIn,sad
6xqZi5JTTk6XIMLvy7w5JJ,sad
24ikfdX03Y5N5ihp2Sqp3n,sad
1QHq0ilaqbZ31ZPuDd4C6H,sad
5yCVxX9c8GleEvkh2dib4Y,sad
3GY3VA4I9SxWuj1PkB4YQu,sad
18kP7Ln9H0z2d37DScIWsU,stressed
48ScoI6hbYlwxK3FYFe8VA,stressed
62kCSfRulirfX47BB5iw0W,stressed
4HlyT5WHecruq6c8l3gk5a,stressed
4v7vELo252336gWn58BON7,stressed
26XGa25XXFzvK61WJ1S673,stressed
0nfQguNoAfKFjsQHr6qnxc,stressed
4rsRXMFWu1cl0LtRVgGzbM,stressed
3S7IX66xLg1PcK6mYADjgq,stressed
4gOPLEhX0zhGoDl7RhiYsX,stressed
45qKFNGLHv92Qg1W8ygTan,stressed
2dFTZLeAW6wua1qjNN0bgA,stressed
6wnRn3J30NQZwp8dPkfjC1,stressed
1c2iHjtOok5YujYYlF9kSE,stressed
65alEHNH6CrabO8o4dXPj7,stressed
7oKArv4s3MGv6CFXX2hrIV,stressed
1wNBlZ9OdY1lyfk9DkxQr7,stressed
0AyOJ5AordGj1Udj7j5TLR,stressed
57M53mxzSsBKonyxpgIyRQ,stressed
436yERZgXXOFby7yvQLeDr,stressed
1Avk5lbW6hihAReeHPyB99,stressed
6WZItDPHwV5JNOoAzrEB1Q,stressed
2SxyHBfFeFMqfbKuCPIDHg,stressed
01mypkTvx2EDPTZmCZKmbt,stressed
1wMkVSGhakpLlxBq3DgC8M,stressed
3VwmHng2BVbKDFDPJEacVW,stressed
1Yn8raZ8cslkPHZe9ICskW,stressed
3m9QKHMAcNYg5mp6JWPLd7,stressed
0LYMQQGRfyTZAb16iR5hZe,stressed
0Exq9lSE88kxQNo4hWWYfu,stressed
2USlegnFJLrVLpoVfPimKB,stressed
5wjB6dzEYkWxwy4S4YSokh,stressed
6cvLPFl7lTWgoMDJTCnTZD,stressed
71kxy9PBXirzL2EI0VXONu,stressed
4FmusZvL9HCNLuv0ug4qx7,stressed
4jkpQU1UKVq3EvoEIAlXc2,stressed
2jQZXraFVsvCV67vF4ttRa,stressed
451hpAcVqYsdsOfVis7lhN,stressed
0UrmuJeUfW3xiGA7C7nseq,stressed
0EtBKFHfbRLJyBJyt6RyfT,stressed
6xiljehEzpKDw2uZvB7TYT,stressed
14zjMwtVC5wRq1bIhQeMeW,stressed
5NiHpRR7DVGrpcT6YNT1LC,stressed
7xwalFclTCBfg77vZtQl4v,stressed
3OkDlJX346ncNmMxvs79yd,stressed
6c5wQFfJApRMooKE7UQnlH,stressed
0Xu9BymmNvsEXHjDFG5TkN,stressed
0HLrmU9YAORpVOsjjJOD3A,stressed
46pUuvvEwRkoIPW9YvV07g,stressed
7gscls5xZ9yxZ3764cdrnx,stressed
5NBH2A5X3qpYBPtbfwV00Y,stressed
3FW9rgGM07ZveAhiKFAPHH,stressed
4JQNDETSIq1GD2a9CrZFtf,stressed
5GCesrTWmrF0oyQQgMj6ts,stressed
3odLv59il6LbVmVevSQr75,stressed
6sPAQcOZDcAi1kPuDbfuiO,stressed
3maRtfCFzCUNfuwONkbyMX,stressed
19Pqv2pI5sGizdrefcnWZh,stressed
2GpNjyQO67Ss38PmPaL6uA,stressed
0BYVxr7eR7r7Hp6V02xV2D,stressed
2ouzmB4EELwzPersSkE72Z,stressed
60O9NfiehqYnxxhFL7qVDA,stressed
71m2CLLgHG4KF1eMdxR0Z9,stressed
06bT6DIvtXMaCR9cNiwYX0,stressed
6RUerS5gbUicivsC0n0yLk,stressed
4xQ6weGXjibzUUGs8BR0dh,stressed
44ggx6YvF6CIno6F3uQF1O,stressed
6cWFpWSOjL0XVFsXDofn7B,stressed
5zW9B3ukcFuPM9n8ZKWmRC,stressed
3eDle8gb7iyBRbllC1TPA1,stressed
3b6uvEw7RD0zEUvi15t7mg,stressed
1hoefyhOA5cCw8e2v191NJ,stressed
6EaTZu8IoFruWVrk0cAafZ,stressed
5DLODdSuZOTyh9G67HB1iX,stressed
0ID8tCK3X4FrlXEo4E9fUv,stressed
0m6EHvrN35142LPt0yq9C4,stressed
4CJEt8HSFmbamQ7wxjAiRc,stressed
1wwrmNMrRLEcmM2emvsZU9,stressed
6lEEtUmRJ0AYRQtIUp2xOZ,stressed
4dEH38uTvYnWJTniOIMt9g,stressed
3nbMvugb8g8M4B6kzF9Qxa,stressed
0wHz6CyQxv6i1dHmVebb1V,stressed
4fd2P3xryijcY6UcAGilUL,stressed
3dX6WDwnHwYzB5t754oB4T,stressed
46aSC4zvrPOOF0S1K3sfK8,stressed
0lYQNQEUcPIIpiAo00x58l,stressed
1P6xDJmzMsWPfkezHrBHLC,stressed
7qgVP1RmTu8Kg3MGsIl87D,stressed
01QZMVLVyM7PFlkqwzdgDr,stressed
4iRfrlH8597ERWxFWnJ4LA,stressed
3kmAsqsu85ATAtMDv0XccU,stressed
39ka5pbHActGfKuaRGGR0h,stressed
1zW9gsXs2KHa0rdvxsZqwR,stressed
6fb1pBBu298bnHKhoFB6vd,stressed
5kI7iyMwJPLeLzUs0STQ5J,stressed
6no8eoCnnFmvmsFnd1T4Oi,stressed
5YOCLjQEsrVA3khLJncZ2d,stressed
4egCOI0zQQpEoiCT5xdDNB,stressed
1Vcif7ppYJijRhOk58zpRQ,stressed
0dYdnH2Hz4is6PPBgf5hta,stressed
2e7NAnPGoI23ltnCnAb4Co,stressed
3qDFMJSrmhj0P763GDD7UW,stressed
2M6bHGBfPrOC48SuODYcwJ,stressed
1LHODapSN6B785VHGpIgVb,stressed
4XYOP7T250dWs40YenwHfZ,stressed
2eNJrLPhc6SJ9s8dxu2FGr,stressed
4k4eGWbB2gwAB3LhNy5kVz,stressed
2mcO6DnrqbBDJgwnxTeWCY,stressed
7nLDL80wmhQIxAafRh9Iuu,stressed
1asvTH8Of7u0vpE1uwvXy1,stressed
1xNRMK0t883mcEbA33ZBar,stressed
1FKtkoKjVKmUYPOxTKDil8,stressed
0NaffdmDKGsoTgDPbTE2jO,stressed
6v5wux9sswA6xKg4Dhf5ZR,stressed
2vWiRBk4XmnF3qDI3ZzPp6,stressed
1blwYE6ydv3TcCER6EkRlo,stressed
6snEHCohrJaCGYMK8uBoL8,stressed
18ja598zFbvKb80Pux45IS,stressed
7C3O1iMUgxj59WQxJjvU61,stressed
07sxccsfOMu3ZiNG31pn4d,stressed
0brrvzXBButh6cFO3UF5TQ,stressed
3sJLoIc9y1b4gKAP8ZNsR9,stressed
2PEPqfiiOJ6o4NperUrOX8,stressed
3O3Iu3ZmcDdd4JMrLrXDuC,stressed
587iEyqPGPmEk225e8mjoB,stressed
1ma5OAZ7p5qenaQqfXoJsB,stressed
0JpZJFjV0YMZmXWxgP1WaI,stressed
4xE8lFFYcsOweK2y6M4O61,stressed
195phwAB1mmqi2PUacBSZx,stressed
4ezqyUvWDD2G1l3gbrKLvu,stressed
2UVnWZT4E9FPgFWv7s2N22,stressed
3iOOZXTf7SE4d4EostKJkw,stressed
3N8L885YAq1vdUKDCNrqXm,stressed
54PBFO72suycLIbOkPWRFW,stressed
1ASfAvfkxHEam4D1BJb2XN,stressed
1u6NVjQ7AEQP1URwNTmU8a,stressed
7JqRH6hBieFUgApyOXr3t8,stressed
71lZb8Zm7sEoGmciOwcBSI,stressed
2OrVtF3Wx9EB0n1zaDryiq,stressed
5AwtalcNCypoz5UdAIXh5G,stressed
1L4asYa5Tgvzv0XbUGb5pk,stressed
0Q0KyIntATtJldFiHbY7d4,stressed
5HmTvZ720a3KZ8T6yqN8TV,stressed
7AQEE6dSOD5GqkA4sjRM4h,stressed
2HF5R5aB9OSLOAfgvi1g6q,stressed
7pP5zuyZC2f3Xc3A83WRUX,stressed
48lTHzrbpUXPk1HaNOf0xh,stressed
4lx7VSMOywUiArvjAVdfja,stressed
5xBhllnklYTagBX47baIF9,stressed
1zI6xK5lHVOiITOFPRAAFN,stressed
15lY4gYkQBKmOFCdk49YgW,stressed
2fTaYLzHJytwihtohkE9lC,stressed
2Ll29oOFZXkVy08gmgAyV5,stressed
0s5zpScnsbJz2l8uF7nyTa,stressed
0Oxba8x4ehYKSecF5loo81,stressed
793VpX1j93KliHVCAZsQ3T,stressed
1DQ0cnILEeQW7COVlSvahZ,stressed
5DZ8cavfbizy7zG5TUTapS,stressed
753v5cuwW1rOpqWkWfBNrn,stressed
3G8s4DNYaAnyHX6QKWZRo2,stressed
1Lt5DqEmEsF1fvGLOljZYE,stressed
0JwU22BGjCO6y4oo7pyKPH,stressed
15gMaivZ4pEytt3Svtg5B1,stressed
108poXu2dBwDm4wdpD5vBq,stressed
4O5YIIXuYNot7OJuIemuOV,stressed
0rtiXUUidqZu2QtVIyoaL1,stressed
40iJIUlhi6renaREYGeIDS,stressed
5SbH7T1kQq5sXL8sXMa1Rt,stressed
395a43i2PX0frY9sXsjrjR,stressed
4SpaSVaypWmmfVqWKUYcPx,stressed
6vzlBBGnGoTxOP2Qs0laS4,stressed
3pfSgHirvAsPFbjyijwCF0,stressed
2pKLbt4sKuipQYfJxdG97n,stressed
2HmT6ohsa5DdD0Nz21Gh9h,stressed
67NFcl8qzAay1QJfqtvL95,stressed
709p9UGPAuyImWf1Z3vjRo,stressed
7JeOlZFojsJB0RV4g7V4gA,stressed
3EtyEzMpfKSaoVhPunvbRV,stressed
25iPdki0h5XlaVXA7otdNv,stressed
6ggoLJoftEFMC8ubAPEA0N,stressed
18lkeAZWOIcUnOT33oV0u6,stressed
1vZ9Lu89GkxPFPdXwQkc3y,stressed
72YDnabX8lV2BIlTstrCwv,stressed
127i9kEXTKUHccWQGZcAJJ,stressed
7BnmVQ2AbJ799ZEHUVCRBT,stressed
4EXuOkBnqCbJTfS1EuZ6wK,stressed
7ngFNJvN54wCsyf5qMdkt2,stressed
31uAuEz9s4XdwECqDbXz0N,stressed
4MmVCmyWwqaeGm14gULdjt,stressed
4CfdhQHIXSJ6rEIbK9ZJJJ,stressed
3CFwJxIaut2VzyhnF3Pq1K,stressed
791B5DEGRDsi7qgWnHSm4K,stressed
5X2XbxHM4YiLmYXIQIpCMn,stressed
2W5HOAZp4jO07fzbiYKkir,stressed
0kIlI8VIb26lVl5tfq3sxZ,stressed
3NEP1peNVEsICVkm8BE7QV,stressed
4K4JHYscl88nNJjwaUhujs,stressed
756QnOVHrncnPDgoD9yaE0,stressed
6X4K1yv6cN9xROSQ5TNniw,stressed
6j93Wlhunc6SaottdOa8sK,stressed
7HIM5xeghcraQf888QeQNJ,stressed
0vtp6L7PjGRNfbNefNWpjc,stressed
4eIwJxyftHRPOU4DEcEhhE,stressed
70XZHFxrmZgQQ5Uw7v8tPO,stressed
7MDLjiIxa1YF920bX1FR4U,stressed
25sSrtrobc75veq7WuTHjN,stressed
0vB5efxxyJt0eCPUlr3ZWQ,stressed
5rfJ2Bq2PEL8yBjZLzouEu,stressed
5l2UlIRagkhJgn2qmA10ZV,stressed
6jPcViub4PE7p0OIPt9Wnu,stressed
1lQ1MItsKTgAcauKVYiR1v,stressed
7491l7CnemDkYH0jsoLvYr,stressed
1TMtbZp8ERMB7kOPzIHIEq,stressed
09Hn8Yrkriu6x3aHTyRF3b,stressed
6iKwWnOxxavg9buND26tSv,stressed
6jNsM7Ab99YTLIHk6sT1mg,stressed
4rylUVBblCUdmtDuYql6oI,stressed
2IoA6ywwl0RXBBs08hzgHU,stressed
4yS22qhBWTgzgTxuG9C5wO,stressed
4MwB9pfzJGoMUfKSCmMXW3,stressed
79z9QkhHePTFsSeVw9uyj0,stressed
7ngybtbHizpIeMiVMGUPAw,stressed
0e2yX1ACHTIJAy5VDqhOOW,stressed
0uscuy5BwVsWHXHR0gZl7k,stressed
5K9LnhnRQHxCbTttgg8Hkr,stressed
0pUTlHvCoygYu4pBPdkZHT,stressed
6PcZHrioMRip7pMJqPTDQM,stressed
7iClDFej8POrB7757pJsd7,stressed
6FvWl8UoygTesWdFyV4gFI,stressed
1fpMwZnKBipiwnKCWqaISu,stressed
1ux91NTPhmZM6Oufi1zYYE,stressed
37Z8qaTenexS78A26PYBiO,stressed
7IE2Gqqy83hqHaGcOSMQIW,stressed
4GP69BkvOhbxqUwHbyt6SC,stressed
3xDzNIb5Hmcte829PRX5Jg,stressed
0Q6TI6bw8WWxAop7ib91uc,stressed
73vsV4z8bpxkhbx0wrmEes,stressed
1FQqf6DlMxRlsNRuFKZl4Y,stressed
0U2SFJknIViDwJfnY97Dk6,stressed
4aruoUWYKx8OImp8UhvkiT,stressed
3oVvxHC4zzzatkrFyymLAH,stressed
3mpWlvAtDkmTNOabpARocN,stressed
6leS7dLuM6g25Hna16DYC6,stressed
6lOLeRK9CukOdvFYe76SlL,stressed
7p3Hvzs9fnCD6OrmI9rI07,stressed
6EGKCzYMX828lEJgzkinE4,stressed
5ahVdL032NcAnyWtdoT4kE,stressed
0O27OOcbGNKWRTzkAkQvgo,stressed
4OEGEaZqhoFskXfGYNgAIp,stressed
5l2YxpodHIRydtAL0JdXMY,stressed
2WXdwP2AqzNhBYa9ld7NMG,stressed
7pybKSt56EJuMUQVKq5UEA,stressed
3EPRFql2qQ94F4qsEWCA0W,stressed
2sc921AksvjGqv7zK7moIa,stressed
5n8y9vUrP62SpR3wiZBLxO,stressed
390msiJqKLFDZCQcjXYVYq,stressed
6xTcHKa8CUBuRfrC2bsN4t,stressed
6DUtosftKSvoarwGh7fUUY,stressed
3y1fm2SK3NMiXPxCTh7csj,stressed
0CDoFebDSm72BKSR9HrT54,stressed
6Rk5IqC7hhC4eeDcfftWjp,stressed
0RoGoBg4rKFp7zMnII9OaF,stressed
6PlCzYBvDdUvYdJzhwlOuV,stressed
5Mry4DBAgN38wy2WDSEZ2i,stressed
4bcgRbGeq4IejesjsiHyTH,stressed
0BiPIdknKKWO2AXfKkjWhT,stressed
3P9gRRHluL8qEUkDxlU4G8,stressed
4NGxQvASWccroy0aMtjT1s,stressed
39B8OegBN25PcZfgx9NJI6,stressed
7GsiWWr0TlgnehdkgAg3Yq,stressed
10jpNgEck8Aj8jvlpuiRw3,stressed
1AKvpfGEVHiEI6i0Fmchvq,stressed
1mYA2awhrUrPknh1BG5ILq,stressed
4VGvMXucEK4TjC6GZgyjRk,stressed
3eTrNBTaFTx8ld0jdegcYf,stressed
0hNOP5epEjX8Zj5aSGr6JU,stressed
0XEEXGeRDVZZISC4cK53dL,stressed
4STgSBBCRWpbrK25TWEjst,stressed
0PUx9egEluM9mXKIanwU3U,stressed
0gzyFf2SIwthLbcBCxJPOX,stressed
7IQtHW5uQOSG1ItSPvsyOS,stressed
4mwW6IGCkDzA8ERBvFCzfk,stressed
12qHZMU0Xc0SFwoZeIwtjP,stressed
4EsTEcEndTTxnasJm4tOxJ,stressed
0rDHIVVFd2OFPMuMBQZDzV,stressed
2bNh7WRiFoMbI1b3jYv4Pw,stressed
3GHdoZwhTyxoRn1hOE8pgq,stressed
7miYy9wNFEvYFUH5T4DUux,stressed
4UDx67FkVxLxRqeASqfcAG,stressed
3GfWJKxtt7Skv9MAlvBib9,stressed
7naQgpxEuBmEgP9PGeLL5J,stressed
0hdwByRwt345Z5nbtkFZc5,stressed
2Bdy8zcHu8V9TAAvmbFQKA,stressed
0SnWoUeFJ07MMMU6Mn7OJ0,stressed
3BN3v3Ip9BWfXa0ADOrypb,stressed
24qip5f6grvvgTPqxmutjL,stressed
3BEYwxMqeVXePWNhe6drPb,stressed
54dW2HjaC9138MUDoOvxus,stressed
4YA5g2UpNLmdql8fdrhlwY,stressed
5Krcof4pwOCUDYUgaDn1Nn,stressed
7dwLuTJgPllSANz7Qn7v8u,stressed
3zc3T2M7VgaHwIz0Ucfm2H,stressed
4c2OR5RjaVRhAOTqWhXZfQ,stressed
779yomV67xSi0wDYGhNHhG,stressed
6BGuxI4liogWiQM2CniF8l,stressed
3fpVWegR6YOS1Yk5HSMYIq,stressed
3vkmcrH1VVMlmB5HId1Jth,stressed
1q4dsD62qzf8CDaXl2DNNc,stressed
5veTy4pDUo3ZrbAo9UCG8L,stressed
5e29L3mbUbN697F5LgS2cj,stressed
4DjubuMZwucNus2wgLR16C,stressed
3ldudxg7hh9vGmAYxFRaHx,stressed
3h0PijaYBuPusb2oQhQhda,stressed
1yrhouFL3RSdUj9KfPDhoW,stressed
6LyAlczwcj3I5Bl0kvXfp8,stressed
3wA9am7Ur9zPyffjIccl11,stressed
4usFjFtNZl2WjEUzMJvz37,stressed
3ufzYGHyWDZTXjqYqGwUlI,stressed
7asoA129HgQkm3MOVEUF0K,stressed
1NLaaLqrlhFqwHkNtvHubD,stressed
6SmQ77rDmFDAAYTuUyXodT,stressed
1PIzqnLQtRgGIQ0XiDGE8n,stressed
2B9T6ZubOuX5PpIfXvl80t,stressed
1s3P5QqvQo2sHmcO3eY80C,stressed
0cG5jD11N7HdMEiglrgaY4,stressed
4KCfCctnZQd5mem6S3HhKi,stressed
5K075UgQJrecOX2bSHcAi6,stressed
0Wv8JaKEulkMhBaoWIuchq,stressed
7AGcKksgKkNK0ilnjZ2MAV,stressed
13JbyG0nKZxRROKddoZIQX,stressed
3uegg7qDua9C5Y02tPvpc4,stressed
7xLfmCx9jcZNgzlIK7NupN,stressed
19HEhNwTDEciyWL62zvEf9,stressed
0GoEJDxorLBoj9Lm1il18V,stressed
5harMVLgjOXk0oRrkEIWOK,stressed
7h6lpVuSGPW6RNjDXKpYDh,stressed
2kDyFb3ng1wcWcM3v24zXg,stressed
5IJ1XPg1t3IAfhxfLRSuA9,stressed
3rRPjChaH9JDrd0dSRw0jg,stressed
6qtuxBKFhQmOV7x5T6QdGO,stressed
5CSossBRgqQUcBJGkI9H8S,stressed
1DmTr4B9uC8zBseRITpt71,stressed
1XfbJPe2HgDsE5u53zmb8a,stressed
0IfwQW58hpVk1QOFAO270C,stressed
3hfBHsefsZtjP82YcX6xm5,stressed
63iLjXDWlQDXeiqsredw0w,stressed
2g4wsfiKHsRx36vKoaWfAt,stressed
58KsBmTVIUrBrcSk601O4A,stressed
6Hfxk7NkGAYqUwrgQBrApy,stressed
7zv18TDX2Jf9VDQTacy5eV,stressed
5mtVj6o82SJuEv0CmE4eDa,stressed
6lBq0LFrDIkg2GUnyMNYF4,stressed
1h9yGLl64FVvPgufiSCmgu,stressed
6D42Ovk2H4w1sZ4NuYTtKu,stressed
2b24VHScbnVu1yICg5LgVy,stressed
12tPvyrZbrxeLMB9ArCelr,stressed
7DLy37JWRnahg685FB2XEf,stressed
11t5icMdnz2GSlfuxiCAd7,stressed
2keukHfSR5QUZjfRHxmoFH,stressed
1BezuDyjAmu5k4NvgosRJQ,stressed
5MqO1G0WEI64JzEHoNxyYQ,stressed
4u92UFpfYv4NitEftOFbQa,stressed
1HQct2tiCV8HXBSaHy07SM,stressed
0PSC0HqHfMNtp3rwY66drn,stressed
63G43BYxLD2GCeeracDOlt,stressed
6pDpplqoiYn0izM64hEtGL,stressed
2RU67aiaESQ7t9D1xUJqBu,stressed
5ZZvLDJtfMPey8eOUKnXdE,stressed
5PZGo3uQynA76ckmHMjrS9,stressed
3YPJZcQWKY3TdDgW636TRp,stressed
7e6Ef1ZypE003HADXfTSnK,stressed
5OIuBMBJdd7fDzudDWJsSl,stressed
6oKwo6FkQXoHZZ9T2vDt5W,stressed
69DBjmGfGnL4pjjqeHGnuh,stressed
6gjcBABG00n9ORlopxsDji,stressed
2USfKdUkqT8B0FUFIf8HZq,stressed
7w9c416HUhovAvpmm7jzEQ,stressed
5SvLznEoOAmAVQZiT4U5JT,stressed
08IHvp6gEK6U1kXz7IJSXA,stressed
12h7bSFIhDeKFLiCkqNFQq,stressed
2wiHWwnFTspPR4KqazdGUK,stressed
5rTjCJ9Iv2fzFtrF3zZlNA,stressed
2ceNCrU8rDHLwsC1LG5Wgd,stressed
1KbJ5lcv3Db7vGaENgzQS1,stressed
0cyARpNwKtoZQCsHoo088K,stressed
2UkxmkCl4NMrnVPP4HGW4m,stressed
3nU6ip6YOygqR3MJjFEb4Z,stressed
61EvSl7vTGcfjVFuqfpCYd,stressed
3TVF6ELGpYAWdW2ygBKr89,stressed
0t714TKW801BuUy11qPX0K,stressed
5Om6pLQIkDSuEIB8AwtxQt,stressed
0vW2wAA1fRW2gd6EmuNoi7,stressed
4VwlqrfJZQGgS4ogIA4rEq,stressed
0kYRWHo4cTtxiwApwGC1lw,stressed
3NIGIlzXwqvTo1mIdNYzb6,stressed
67jVtvtVnqGgAjhVcUn2eK,stressed
731NDNG7VQOA2KBnS43jqr,stressed
6F9fSgIankBlwPfs25XrPh,stressed
6MA4VGlIXcDBLdcFe68ZVG,stressed
55OTfuAX8OfVbwqR3cXBHC,stressed
6ZqE1b6xpuZfbpQD0BqNqe,stressed
3afQdeDTepThIBnczCBv1j,stressed
3yrhwMong2BGsaxUn1iNiF,stressed
3snTXcOossQlwzQogTecqG,stressed
4ItxycXmXi4bKbqB1F6k2h,stressed
57L5EYzCfHS7Jd58rV33lW,stressed
35W7BEDycNxOipoFAcEUzb,stressed
0tBZz4HhyvUgnPpLgaebXH,stressed
2ZBbJHbim1rkF75H4chjHn,stressed
6zPGqilPV6gb8ltuBZCwcI,stressed
44ehG2AzzsaDuKGfaOfRC9,stressed
4RSEtTBao7MR1JQvPqhYIf,stressed
1D6NAC2CZ3Ghqvic0tSWhS,stressed
1mhJBVuotDSpWzCp4XX7G5,stressed
45bLKY3ZTjEAYfwPYQeyRH,stressed
1CMIPxJK6XA1kw37viYhta,stressed
1hI1dmgPUIYCQGi3opv82F,stressed
7ls4KykFmOjiThfyKvReCQ,stressed
6IyX7zPll0AeJ8OOSbrKIT,stressed
7bKG8WLULgz4qmDFj1PqY7,stressed
7eOSmCHFCB7OD3iZHT7OXA,stressed
5HLKxJe2YRlH7rRyepJG19,stressed
2b43yEU6PEkhyy0BZvX8Rn,stressed
3SOPGLTJEkObhgKjHygCFu,stressed
26qK487TGJrFAMjAItrxGT,stressed
7AXHZylhc2mgBKchDEJ1XL,stressed
5y6Cy93KwBgAuL2Il5YXN7,stressed
1bkLJUheC5KsqS7lePsarl,stressed
2jaW62tkHY58BWvWfuAvkb,stressed
6ycGztaQyL8g0SsJJ8a6fr,stressed
40fKvhvrB7tXc2IuOcoEcv,stressed
1sbEeUY8KsdvgiQi26JBFz,stressed
3NK28cXAkO5JIM7YOiCQAx,stressed
1uouIhSX1aiNX1o3ioX3t9,stressed
6ZGh9BBVT73XUOEl59AZMY,stressed
5RpirW7cpfCWsgAQvu5nBB,stressed
1bPx5kO4Vna9dj9ksC0pwU,stressed
0FRuybfQimgqGwnRqi2Mbd,stressed
0CzsPHU2bTNaRtZKOAGLVA,stressed
0a1DPd1Wain25zOwTAzaxY,stressed
0lXJL0unztXDdIOXu5xCML,stressed
5qz5bVpsnEJfsq3usdSY1Z,stressed
2NH5EB0IRSNgH6BCmXRnSj,stressed
1MnONdjG4HJlvz9ACVfj7N,stressed
6lRnzyeqHfDB0Cmnp0eiRN,stressed
1RkAmwXFN6oSUyiSKqxHxP,stressed
6qODiCWw8HQBO7AJ8y2PNl,stressed
2uj2UZwhooohVKQREM7Wx8,stressed
1Q20xTzw7sPNaLLgZOlZeL,stressed
1FM6IiHLQlK0syqQTmI9YS,stressed
2IOMDdgUZfjlsPYXGeeoaH,stressed
2wfRJ545JwDZCWZaEKr6sD,stressed
22eDjqCn14PS1X7J2AMF7v,stressed
0kjroUpjoVG4Y4fVkCzkIP,stressed
650e8eww8TaoJblL1s1FXp,stressed
65WzFJrUOeegODu9z8VKjo,stressed
3ZPhyoR8kjDdx0MLqUmolb,stressed
0NAiN5vf5pKl349CWNZrxc,stressed
5XMjXjwCkJVmk0AHm7z8IV,stressed
2DSfuQPuDGmLBVx8ridmTA,stressed
1R1HDzhOAgGDoXqAa0fyfj,stressed
1I2J9P4LdUFUKw4nRl0cLv,stressed
6uzq9aarjBwDwYLZORXFnH,stressed
4ysOCdIZNZQbhqHaTEARek,stressed
3h1Zx0KARWyfkgVKqtwK6h,stressed
7rwX0O3RlxqqIjQM8evm5E,stressed
3CZ4BXMk4xpCJcWeowNERh,stressed
1vkF6kYxPY7pk7JMyIr71B,stressed
0FJS51mf9LyoDxeyC3dOka,stressed
222dTwr5XeEgAzEtsrQA0R,stressed
7k0N2UUqiBw1AaWR0PhSfE,stressed
63LVYnGJmWjNnmHiOVsGhe,stressed
1oFceEaUmpt2YgRrwZXTA7,stressed
6qkg1OGL8xlsTHGO61MrUP,stressed
1l3mTHxVzws34jKfWmXH0M,stressed
53E2l8tAMw55irt7L18Nho,stressed
2wpeakU7sPdbgVcSi42vcu,stressed
6hA0PLLEVrvnJ0hgYo8B6o,stressed
5kgMgD6MImmxq5A2mPycnz,stressed
0LWAOhLUQuh6VBJ04FtLqv,stressed
0DvRUW4cPQIJiBHiXvDSHi,stressed
56tWt6s2I3ONFhSVhYwmre,stressed
6SsRuedEcDGsfLGCvSU520,stressed
2Zrq8JDkxLX8scYginLPpu,stressed
2eJof9Gs4L0zsK22FWM8lv,stressed
5ivZVybVYXt680jFFsCjrk,stressed
6BnVCmKwAk70Xm3tGmGZ7N,stressed
02v6hr1iytOcwlE4QiT0oN,stressed
2SIeVlRBLKQPOJeuTta2qg,stressed
0OGidxV6e9dWeN2bXjXBGi,stressed
7mXSd6RV33PzXlOVDOclrY,stressed
3aytlldIdvskUVMqCbNzSu,stressed
15gPjaT9FirMYtCBBaFuTs,stressed
3D81vnkRGnAOmAedYWot7O,stressed
3zn34tF7GOc7uHCpjsf8So,stressed
2tGB2Ij4eYCH26scH6i4iO,stressed
4qhXBTLJmxKhOvA0PThE25,stressed
7M6iJTPy7NUg5W1wxG0ES1,stressed
6KyuhpfiIJ0oChz72DEbBP,stressed
5QhWtNgcm041aT0K20zoW1,stressed
